pid,barcode,nid,page,image_path,width,height,title,edtf_date,place_zh,doc_kind,box_folder,url
pitt:31735064607413,31735064607413,83791,1,students_documents_export/images/31735064607413_001.jpg,1744,2500,Owner: 高恭地[GAO Gongdi] -- Place: 福建省福清縣[Fujian Sheng Fuqing Xian] -- Government,1886,福建省福清縣,Government,"Box 2, Folder 60",https://digital.library.pitt.edu/islandora/object/pitt:31735064607413
pitt:31735064607447,31735064607447,83794,1,students_documents_export/images/31735064607447_001.jpg,2500,1125,Seller: 林春源 [LIN Chunyuan] -- Place: 福建省閩邑 [Fujian Sheng Min Yi] -- Personal,1866,福建省閩邑,Personal,"Box 1, Folder 41",https://digital.library.pitt.edu/islandora/object/pitt:31735064607447
pitt:31735064607470,31735064607470,83797,1,students_documents_export/images/31735064607470_001.jpg,2500,1132,Seller: 王錦發 [WANG Jinfa] -- Buyer: 王錦枝 [WANG Jinzhi] -- Place: 福建省閩縣 [Fujian Sheng Min Xian ] -- Personal,1887,福建省閩縣,Personal,"Box 2, Folder 63",https://digital.library.pitt.edu/islandora/object/pitt:31735064607470
pitt:31735064607504,31735064607504,83801,1,students_documents_export/images/31735064607504_001.jpg,1941,2500,Seller: 陳燦祥 [CHEN Canxiang] -- Buyer: 吳 [WU] -- Place: 福建省閩侯縣 [Fujian Sheng Minhou Xian ] -- Government,1918,福建省閩侯縣,Government,"Box 2, Folder 108",https://digital.library.pitt.edu/islandora/object/pitt:31735064607504
pitt:31735064607538,31735064607538,83804,1,students_documents_export/images/31735064607538_001.jpg,2500,2423,Seller: 許瓊栢 [XU Qiongbai] -- Buyer: 吳省忠 [WU Shengzhong] -- Place: 福建省永定縣 [Fujian Sheng Yongding Xian] -- Government,1761/1762,福建省永定縣,Government,"Box 1, Folder 5",https://digital.library.pitt.edu/islandora/object/pitt:31735064607538
pitt:31735064607538,31735064607538,83804,2,students_documents_export/images/31735064607538_002.jpg,2030,2500,Seller: 許瓊栢 [XU Qiongbai] -- Buyer: 吳省忠 [WU Shengzhong] -- Place: 福建省永定縣 [Fujian Sheng Yongding Xian] -- Government,1761/1762,福建省永定縣,Government,"Box 1, Folder 5",https://digital.library.pitt.edu/islandora/object/pitt:31735064607538
pitt:31735064607561,31735064607561,83807,1,students_documents_export/images/31735064607561_001.jpg,2500,1211,Seller: 維衜 [Weidao] -- Personal,1917,,Personal,"Box 2, Folder 105",https://digital.library.pitt.edu/islandora/object/pitt:31735064607561
pitt:31735064607603,31735064607603,83811,1,students_documents_export/images/31735064607603_001.jpg,2500,2024,Place: 福建省 [Fujian Sheng] -- Government,,福建省,Government,"Box 4, Folder 211",https://digital.library.pitt.edu/islandora/object/pitt:31735064607603
pitt:31735064607637,31735064607637,83814,1,students_documents_export/images/31735064607637_001.jpg,2500,1635,Owner: 葉文怡 [YE Wenyi] -- Place: 福建省永泰縣 [Fujian Sheng Yongtai Xian] -- Government,1945,福建省永泰縣,Government,"Box 3, Folder 167",https://digital.library.pitt.edu/islandora/object/pitt:31735064607637
pitt:31735064607637,31735064607637,83814,2,students_documents_export/images/31735064607637_002.jpg,539,2500,Owner: 葉文怡 [YE Wenyi] -- Place: 福建省永泰縣 [Fujian Sheng Yongtai Xian] -- Government,1945,福建省永泰縣,Government,"Box 3, Folder 167",https://digital.library.pitt.edu/islandora/object/pitt:31735064607637
pitt:31735064607637,31735064607637,83814,3,students_documents_export/images/31735064607637_003.jpg,1828,2500,Owner: 葉文怡 [YE Wenyi] -- Place: 福建省永泰縣 [Fujian Sheng Yongtai Xian] -- Government,1945,福建省永泰縣,Government,"Box 3, Folder 167",https://digital.library.pitt.edu/islandora/object/pitt:31735064607637
pitt:31735064607652,31735064607652,83817,1,students_documents_export/images/31735064607652_001.jpg,2500,1265,Seller: 劉盛章 [LIU Shengzhang] --Buyer: 劉咸安 [LIU Xian'an] and 劉道建 [LIU Daojian] -- Place: 福建省建陽縣 [Fujian Sheng Jianyang Xian] -- Government,1798,福建省建陽縣,Government,"Box 1, Folder 11",https://digital.library.pitt.edu/islandora/object/pitt:31735064607652
pitt:31735064607694,31735064607694,83821,1,students_documents_export/images/31735064607694_001.jpg,2133,2500,Seller: 林應香 [LIN Yingxiang] -- Buyer: 林萬開 [LIN Wankai] -- Place: 福建省閩侯縣 [Fujian Sheng Minhou Xian] -- Government,1913,福建省閩侯縣,Government,"Box 2, Folder 97",https://digital.library.pitt.edu/islandora/object/pitt:31735064607694
pitt:31735064607728,31735064607728,83824,1,students_documents_export/images/31735064607728_001.jpg,2500,1188,Seller: 楊兆通 [YANG Zhaotong] -- Buyer: 林 [LIN] -- Personal,1862,,Personal,"Box 1, Folder 37",https://digital.library.pitt.edu/islandora/object/pitt:31735064607728
pitt:31735064607751,31735064607751,83827,1,students_documents_export/images/31735064607751_001.jpg,2500,1260,Seller: 林秋溥 [LIN Qiupu] -- Buyer: 林萬開 [LIN Wankai] -- Place: 福建省侯官縣 [Fujian Sheng Houguan Xian] -- Government,1884,福建省侯官縣,Government,"Box 2, Folder 58",https://digital.library.pitt.edu/islandora/object/pitt:31735064607751
pitt:31735064607819,31735064607819,83834,1,students_documents_export/images/31735064607819_001.jpg,2500,1524,Seller: 王兆熙 [WANG Zhaoxi] -- Buyer: 林 [LIN] -- Place: 福建省閩侯縣 [Fujian Sheng Minhou Xian] -- Government,1894,福建省閩侯縣,Government,"Box 2, Folder 78",https://digital.library.pitt.edu/islandora/object/pitt:31735064607819
pitt:31735064607843,31735064607843,83837,1,students_documents_export/images/31735064607843_001.jpg,1976,2500,Seller: 趙守藻 [ZHAO Shouzao] -- Buyer: 林 [LIN] -- Place: 福建省侯官縣 [Fujian Sheng Houguan Xian] -- Government,1805,福建省侯官縣,Government,"Box 1, Folder 14",https://digital.library.pitt.edu/islandora/object/pitt:31735064607843
pitt:31735064607884,31735064607884,83841,1,students_documents_export/images/31735064607884_001.jpg,2258,2500,Owner: 林有柱 [LIN youzhu] -- Buyer: 趙守藻 [ZHAO Shouzao] -- Place: 福建省侯官縣 [Fujian Sheng Houguan Xian] -- Government,1913,福建省侯官縣,Government,"Box 2, Folder 96",https://digital.library.pitt.edu/islandora/object/pitt:31735064607884
pitt:31735066237359,31735066237359,83844,1,students_documents_export/images/31735066237359_001.jpg,2500,1110,Owner: 張利禧 [ZHANG Lixi] --Seller: 鄭嬌姑 [ZHENG Jiaogu] -- Buyer: 鄭淳氏 [ZHENGchunshi] -- Place: 福建省古田縣 [Fujian Sheng Gutian Xian] -- Government,1864/1872,福建省古田縣,Government,"Box 1, Folder 39",https://digital.library.pitt.edu/islandora/object/pitt:31735066237359
pitt:31735066237359,31735066237359,83844,2,students_documents_export/images/31735066237359_002.jpg,1655,2500,Owner: 張利禧 [ZHANG Lixi] --Seller: 鄭嬌姑 [ZHENG Jiaogu] -- Buyer: 鄭淳氏 [ZHENGchunshi] -- Place: 福建省古田縣 [Fujian Sheng Gutian Xian] -- Government,1864/1872,福建省古田縣,Government,"Box 1, Folder 39",https://digital.library.pitt.edu/islandora/object/pitt:31735066237359
pitt:31735066237375,31735066237375,83847,1,students_documents_export/images/31735066237375_001.jpg,1844,2500,Seller: 李有定 [LI Youding] -- Buyer: 謝氏 [XIE] -- Place: 福建省閩清縣 [Fujian Sheng Minqing Xian] -- Government,1779,福建省閩清縣,Government,"Box 1, Folder 7",https://digital.library.pitt.edu/islandora/object/pitt:31735066237375
pitt:31735066237417,31735066237417,83851,1,students_documents_export/images/31735066237417_001.jpg,1710,2500,Owner: 林元鼎 [LIN Yuanding] -- Place: 福建省古田縣 [Fujian Sheng Gutian Xian] -- Government,1849,福建省古田縣,Government,"Box 1, Folder 32",https://digital.library.pitt.edu/islandora/object/pitt:31735066237417
pitt:31735066237441,31735066237441,83854,1,students_documents_export/images/31735066237441_001.jpg,2315,2500,Owner: 雷汝知 [LEI Ruzhi] -- Place: 福建省古田縣 [Fujian Sheng Gutian Xian] -- Government,1915,福建省古田縣,Government,"Box 2, Folder 103",https://digital.library.pitt.edu/islandora/object/pitt:31735066237441
pitt:31735066237474,31735066237474,83857,1,students_documents_export/images/31735066237474_001.jpg,2102,2500,Seller: 林履同 [LIN Lutong] -- Buyer: 張炳源 [ZHANG Bingyuan] -- Place: 福建省古田縣 [Fujian Sheng Gutian Xian] -- Government,1925,福建省古田縣,Government,"Box 3, Folder 124",https://digital.library.pitt.edu/islandora/object/pitt:31735066237474
pitt:31735066237516,31735066237516,83861,1,students_documents_export/images/31735066237516_001.jpg,2500,1803,Owner: 余興泉 [YU Xingquan] -- Place: 福建省古田縣 [Fujian Sheng Gutian Xian] -- Government,1933,福建省古田縣,Government,"Box 3, Folder 148",https://digital.library.pitt.edu/islandora/object/pitt:31735066237516
pitt:31735066237532,31735066237532,83864,1,students_documents_export/images/31735066237532_001.jpg,2500,1272,Owner: 黃財業 [HUANG Caiye] -- Seller: 許春願 [XU Chunyuan] -- Buyer: 黃財業 [HUANG Caiye] -- Place: 福建省閩縣 [Fujian Sheng Min Xian] -- Government,1904/1943,福建省閩縣,Government,"Box 2, Folder 86",https://digital.library.pitt.edu/islandora/object/pitt:31735066237532
pitt:31735066237532,31735066237532,83864,2,students_documents_export/images/31735066237532_002.jpg,1995,2500,Owner: 黃財業 [HUANG Caiye] -- Seller: 許春願 [XU Chunyuan] -- Buyer: 黃財業 [HUANG Caiye] -- Place: 福建省閩縣 [Fujian Sheng Min Xian] -- Government,1904/1943,福建省閩縣,Government,"Box 2, Folder 86",https://digital.library.pitt.edu/islandora/object/pitt:31735066237532
pitt:31735066237565,31735066237565,83867,1,students_documents_export/images/31735066237565_001.jpg,2141,2500,Owner: 劉景茂 [LIU Jingmao] -- Place: 福建省建陽縣 [Fujian Sheng Jianyang Xian] -- Government,1867,福建省建陽縣,Government,"Box 1, Folder 43",https://digital.library.pitt.edu/islandora/object/pitt:31735066237565
pitt:31735066237607,31735066237607,83871,1,students_documents_export/images/31735066237607_001.jpg,1208,2500,Owner: 黃國興等 [HUANG Guoxing] etc. -- Place: 福建省永泰縣 [Fujian Sheng Yongtai Xian] -- Government,1926/1927,福建省永泰縣,Government,"Box 3, Folder 128",https://digital.library.pitt.edu/islandora/object/pitt:31735066237607
pitt:31735066237607,31735066237607,83871,2,students_documents_export/images/31735066237607_002.jpg,1265,2500,Owner: 黃國興等 [HUANG Guoxing] etc. -- Place: 福建省永泰縣 [Fujian Sheng Yongtai Xian] -- Government,1926/1927,福建省永泰縣,Government,"Box 3, Folder 128",https://digital.library.pitt.edu/islandora/object/pitt:31735066237607
pitt:31735066237607,31735066237607,83871,3,students_documents_export/images/31735066237607_003.jpg,1275,2500,Owner: 黃國興等 [HUANG Guoxing] etc. -- Place: 福建省永泰縣 [Fujian Sheng Yongtai Xian] -- Government,1926/1927,福建省永泰縣,Government,"Box 3, Folder 128",https://digital.library.pitt.edu/islandora/object/pitt:31735066237607
pitt:31735066237607,31735066237607,83871,4,students_documents_export/images/31735066237607_004.jpg,1235,2500,Owner: 黃國興等 [HUANG Guoxing] etc. -- Place: 福建省永泰縣 [Fujian Sheng Yongtai Xian] -- Government,1926/1927,福建省永泰縣,Government,"Box 3, Folder 128",https://digital.library.pitt.edu/islandora/object/pitt:31735066237607
pitt:31735066237607,31735066237607,83871,5,students_documents_export/images/31735066237607_005.jpg,1195,2500,Owner: 黃國興等 [HUANG Guoxing] etc. -- Place: 福建省永泰縣 [Fujian Sheng Yongtai Xian] -- Government,1926/1927,福建省永泰縣,Government,"Box 3, Folder 128",https://digital.library.pitt.edu/islandora/object/pitt:31735066237607
pitt:31735066237607,31735066237607,83871,6,students_documents_export/images/31735066237607_006.jpg,1219,2500,Owner: 黃國興等 [HUANG Guoxing] etc. -- Place: 福建省永泰縣 [Fujian Sheng Yongtai Xian] -- Government,1926/1927,福建省永泰縣,Government,"Box 3, Folder 128",https://digital.library.pitt.edu/islandora/object/pitt:31735066237607
pitt:31735066237631,31735066237631,83874,1,students_documents_export/images/31735066237631_001.jpg,1272,2500,Owner: 黃雲村? [HUANG Yuncun] and 黃汝勷 [HUANG Rurang] -- Place: 福建省永泰縣 [Fujian Sheng Yongtai Xian] -- Government,1920/1925,福建省永泰縣,Government,"Box 2, Folder 110",https://digital.library.pitt.edu/islandora/object/pitt:31735066237631
pitt:31735066237631,31735066237631,83874,2,students_documents_export/images/31735066237631_002.jpg,1207,2500,Owner: 黃雲村? [HUANG Yuncun] and 黃汝勷 [HUANG Rurang] -- Place: 福建省永泰縣 [Fujian Sheng Yongtai Xian] -- Government,1920/1925,福建省永泰縣,Government,"Box 2, Folder 110",https://digital.library.pitt.edu/islandora/object/pitt:31735066237631
pitt:31735066237631,31735066237631,83874,3,students_documents_export/images/31735066237631_003.jpg,1225,2500,Owner: 黃雲村? [HUANG Yuncun] and 黃汝勷 [HUANG Rurang] -- Place: 福建省永泰縣 [Fujian Sheng Yongtai Xian] -- Government,1920/1925,福建省永泰縣,Government,"Box 2, Folder 110",https://digital.library.pitt.edu/islandora/object/pitt:31735066237631
pitt:31735066237631,31735066237631,83874,4,students_documents_export/images/31735066237631_004.jpg,1256,2500,Owner: 黃雲村? [HUANG Yuncun] and 黃汝勷 [HUANG Rurang] -- Place: 福建省永泰縣 [Fujian Sheng Yongtai Xian] -- Government,1920/1925,福建省永泰縣,Government,"Box 2, Folder 110",https://digital.library.pitt.edu/islandora/object/pitt:31735066237631
pitt:31735066237631,31735066237631,83874,5,students_documents_export/images/31735066237631_005.jpg,1206,2500,Owner: 黃雲村? [HUANG Yuncun] and 黃汝勷 [HUANG Rurang] -- Place: 福建省永泰縣 [Fujian Sheng Yongtai Xian] -- Government,1920/1925,福建省永泰縣,Government,"Box 2, Folder 110",https://digital.library.pitt.edu/islandora/object/pitt:31735066237631
pitt:31735066237631,31735066237631,83874,6,students_documents_export/images/31735066237631_006.jpg,1253,2500,Owner: 黃雲村? [HUANG Yuncun] and 黃汝勷 [HUANG Rurang] -- Place: 福建省永泰縣 [Fujian Sheng Yongtai Xian] -- Government,1920/1925,福建省永泰縣,Government,"Box 2, Folder 110",https://digital.library.pitt.edu/islandora/object/pitt:31735066237631
pitt:31735066237631,31735066237631,83874,7,students_documents_export/images/31735066237631_007.jpg,1263,2500,Owner: 黃雲村? [HUANG Yuncun] and 黃汝勷 [HUANG Rurang] -- Place: 福建省永泰縣 [Fujian Sheng Yongtai Xian] -- Government,1920/1925,福建省永泰縣,Government,"Box 2, Folder 110",https://digital.library.pitt.edu/islandora/object/pitt:31735066237631
pitt:31735066237698,31735066237698,83881,1,students_documents_export/images/31735066237698_001.jpg,1459,2500,Place: unknown -- Personal,1887,unknown,Personal,"Box 2, Folder 65",https://digital.library.pitt.edu/islandora/object/pitt:31735066237698
pitt:31735066237698,31735066237698,83881,2,students_documents_export/images/31735066237698_002.jpg,1490,2500,Place: unknown -- Personal,1887,unknown,Personal,"Box 2, Folder 65",https://digital.library.pitt.edu/islandora/object/pitt:31735066237698
pitt:31735066237722,31735066237722,83884,1,students_documents_export/images/31735066237722_001.jpg,991,2500,Seller: 黃隆貫 [HUANG Longguan] -- Buyer: 陳國遠 [CHEN Guoyuan] -- Place: unknown -- Personal,1829,unknown,Personal,"Box 1, Folder 23",https://digital.library.pitt.edu/islandora/object/pitt:31735066237722
pitt:31735066237755,31735066237755,83887,1,students_documents_export/images/31735066237755_001.jpg,1625,2500,Owner: 張國軒 [ZHANG Guoxuan] -- Place: 福建省閩侯縣 [Fujian Sheng Minhou Xian] -- Government,1935,福建省閩侯縣,Government,"Box 3, Folder 154",https://digital.library.pitt.edu/islandora/object/pitt:31735066237755
pitt:31735066266150,31735066266150,83891,1,students_documents_export/images/31735066266150_001.jpg,2240,2500,Owner: 王鐘鈞 [WANG Zhongjun] -- Place: 福建省林森縣 [Fujian Sheng Linsen Xian] -- Government,1947,福建省林森縣,Government,"Box 4, Folder 175",https://digital.library.pitt.edu/islandora/object/pitt:31735066266150
pitt:31735066266176,31735066266176,83894,1,students_documents_export/images/31735066266176_001.jpg,2281,2500,Owner: 林修枝 [LIN Xiuzhi] -- Place: 福建省林森縣 [Fujian Sheng Linsen Xian] -- Government,1947,福建省林森縣,Government,"Box 4, Folder 177",https://digital.library.pitt.edu/islandora/object/pitt:31735066266176
pitt:31735066266200,31735066266200,83897,1,students_documents_export/images/31735066266200_001.jpg,2293,2500,Owner: 林修枝 [LIN Xiuzhi] -- Place: 福建省林森縣 [Fujian Sheng Linsen Xian] -- Government,1947,福建省林森縣,Government,"Box 4, Folder 180",https://digital.library.pitt.edu/islandora/object/pitt:31735066266200
pitt:31735066266242,31735066266242,83901,1,students_documents_export/images/31735066266242_001.jpg,2291,2500,Owner: 林修枝 [LIN Xiuzhi] -- Place: 福建省林森縣 [Fujian Sheng Linsen Xian] -- Government,1947,福建省林森縣,Government,"Box 4, Folder 184",https://digital.library.pitt.edu/islandora/object/pitt:31735066266242
pitt:31735066266275,31735066266275,83904,1,students_documents_export/images/31735066266275_001.jpg,1529,2500,Owner: 林萬利 [LIN Wanli] -- Place: 福建省侯官縣 [Fujian Sheng Houguan Xian] -- Government,1886,福建省侯官縣,Government,"Box 2, Folder 61",https://digital.library.pitt.edu/islandora/object/pitt:31735066266275
pitt:31735066266309,31735066266309,83907,1,students_documents_export/images/31735066266309_001.jpg,2500,1525,Seller: 藍炳孫 [LAN Bingsun] -- Buyer: 程長孫 [CHENG Changsun] -- Personal,1890,,Personal,"Box 2, Folder 72",https://digital.library.pitt.edu/islandora/object/pitt:31735066266309
pitt:31735066266333,31735066266333,83911,1,students_documents_export/images/31735066266333_001.jpg,2287,2500,Owner: 黃生官 [HUANG Shengguan] -- Place: 福建省林森縣 [Fujian Sheng Linsen Xian] -- Government,1947,福建省林森縣,Government,"Box 4, Folder 186",https://digital.library.pitt.edu/islandora/object/pitt:31735066266333
pitt:31735066266366,31735066266366,83914,1,students_documents_export/images/31735066266366_001.jpg,2500,1202,Seller: 黃維裕 [HUANG Weiyu] and 黃維岑[HUANG Weicen] -- Personal,1842,,Personal,"Box 1, Folder 30",https://digital.library.pitt.edu/islandora/object/pitt:31735066266366
pitt:31735066266390,31735066266390,83917,1,students_documents_export/images/31735066266390_001.jpg,2427,2500,Owner: 陳朝朋 [CHEN Chaopeng] -- Place: 福建省連江縣 [Fujian Sheng lianjiang Xian] -- Government,1915,福建省連江縣,Government,"Box 2, Folder 102",https://digital.library.pitt.edu/islandora/object/pitt:31735066266390
pitt:31735066266432,31735066266432,83921,1,students_documents_export/images/31735066266432_001.jpg,1489,2500,Owner: 黃克動 [HUANG Kedong] -- Place: 福建省林森縣 [Fujian Sheng Linsen Xian] -- Government,1946,福建省林森縣,Government,"Box 3, Folder 170",https://digital.library.pitt.edu/islandora/object/pitt:31735066266432
pitt:31735066266457,31735066266457,83924,1,students_documents_export/images/31735066266457_001.jpg,2500,1861,Seller: 林忠 [LIN Zhong] and 林榮[LIN Rong]-- Buyer: 賴榮松 [LAI Rongsong] -- Place: Unknown -- Personal,1841,Unknown,Personal,"Box 1, Folder 29",https://digital.library.pitt.edu/islandora/object/pitt:31735066266457
pitt:31735066266481,31735066266481,83927,1,students_documents_export/images/31735066266481_001.jpg,1458,2500,Owner: 黃生官 [HUANG Shengguan] -- Place: 福建省林森縣 [Fujian Sheng Linsen Xian] -- Government,1945,福建省林森縣,Government,"Box 3, Folder 168",https://digital.library.pitt.edu/islandora/object/pitt:31735066266481
pitt:31735066266523,31735066266523,83931,1,students_documents_export/images/31735066266523_001.jpg,1539,2500,Seller: 邱有本 [QIU Youben] 邱有炳 [QIU Youbing] and 邱傳學 [QIU Chuanxue] -- Place: 福建省閩清縣 [Fujian Sheng Minqing Xian] -- Personal,1802,福建省閩清縣,Personal,"Box 1, Folder 12",https://digital.library.pitt.edu/islandora/object/pitt:31735066266523
pitt:31735066266556,31735066266556,83934,1,students_documents_export/images/31735066266556_001.jpg,2500,1262,Seller: 劉孝良 [LIU Xiaoliang] -- Buyer: 林高滿 [LIN Gaoman] -- Place: 福建省閩清縣 [Fujian Sheng Minqing Xian] -- Government,1840/1937,福建省閩清縣,Government,"Box 1, Folder 28",https://digital.library.pitt.edu/islandora/object/pitt:31735066266556
pitt:31735066266556,31735066266556,83934,2,students_documents_export/images/31735066266556_002.jpg,1860,2500,Seller: 劉孝良 [LIU Xiaoliang] -- Buyer: 林高滿 [LIN Gaoman] -- Place: 福建省閩清縣 [Fujian Sheng Minqing Xian] -- Government,1840/1937,福建省閩清縣,Government,"Box 1, Folder 28",https://digital.library.pitt.edu/islandora/object/pitt:31735066266556
pitt:31735066266580,31735066266580,83937,1,students_documents_export/images/31735066266580_001.jpg,2500,2367,Seller: 陳國遠（立票人） [CHENG Guoyuan] -- Buyer: 葉宜全（保票人） [YE Yiquan] -- Personal,1829,,Personal,"Box 1, Folder 21",https://digital.library.pitt.edu/islandora/object/pitt:31735066266580
pitt:31735066266614,31735066266614,83941,1,students_documents_export/images/31735066266614_001.jpg,2500,1114,Seller: 昌宜 [Changyi] -- Buyer: 咸宜 [Xianyi] -- Place: 福建省（清源縣?） [Fujian Sheng (Qingyuan Xian?)] -- Personal,,福建省（清源縣?）,Personal,"Box 3, Folder 133",https://digital.library.pitt.edu/islandora/object/pitt:31735066266614
pitt:31735066266648,31735066266648,83944,1,students_documents_export/images/31735066266648_001.jpg,2500,1230,Seller: 康宗瑞 [KANG Zongrui] -- Buyer: 陳連孫 [CHEN Liansun] -- Personal,1879,,Personal,"Box 2, Folder 56",https://digital.library.pitt.edu/islandora/object/pitt:31735066266648
pitt:31735066266671,31735066266671,83947,1,students_documents_export/images/31735066266671_001.jpg,2500,1198,Seller: 陳欽隆 [CHEN Qinlong] -- Buyer: 陳欽瑞 [CHEN Qinrui] -- Place: 福建省 [Fujian Sheng] -- Personal,1936,福建省,Personal,"Box 3, Folder 156",https://digital.library.pitt.edu/islandora/object/pitt:31735066266671
pitt:31735066266713,31735066266713,83951,1,students_documents_export/images/31735066266713_001.jpg,1216,2500,Owner: 黃乞容 [HUANG Qirong] -- Place: 福建省永泰縣 [Fujian Sheng Yongtai Xian] -- Government,1928,福建省永泰縣,Government,"Box 3, Folder 136",https://digital.library.pitt.edu/islandora/object/pitt:31735066266713
pitt:31735066266762,31735066266762,83957,1,students_documents_export/images/31735066266762_001.jpg,2321,2500,Owner: 劉德桂 [LIU Degui] 劉德輝 [LIU Dehui] 劉如慶 [LIU Ruqing] and 劉景星 [LIU Jingxing] -- Place: 福建省建陽縣 [Fujian Sheng Jianyang Xian] -- Government,1935,福建省建陽縣,Government,"Box 3, Folder 152",https://digital.library.pitt.edu/islandora/object/pitt:31735066266762
pitt:31735066267448,31735066267448,83961,1,students_documents_export/images/31735066267448_001.jpg,1915,2500,Seller: 黃志林 [HUANG Zhilin] -- Buyer: 劉子珜 [LIU Ziyang] -- Personal,,,Personal,"Box 1, Folder 38",https://digital.library.pitt.edu/islandora/object/pitt:31735066267448
pitt:31735066267471,31735066267471,83964,1,students_documents_export/images/31735066267471_001.jpg,1725,2500,Seller: 劉欽達(違) [LIU Qinda(wei)] -- Buyer: 劉王建 [LIU Wangjian] -- Place: 福建省建陽縣 [Fujian Sheng Jianyang Xian] --Government,1813,福建省建陽縣,Government,"Box 1, Folder 18",https://digital.library.pitt.edu/islandora/object/pitt:31735066267471
pitt:31735066267505,31735066267505,83967,1,students_documents_export/images/31735066267505_001.jpg,1658,2500,Seller: 林清 [LIN Qing] -- Buyer: 陳蕃薯 [CHEN Fanshu] -- Place: 福建省東山縣 [Fujian Sheng Dongshan Xian] -- Government,1954,福建省東山縣,Government,"Box 4, Folder 209",https://digital.library.pitt.edu/islandora/object/pitt:31735066267505
pitt:31735066267505,31735066267505,83967,2,students_documents_export/images/31735066267505_002.jpg,1738,2500,Seller: 林清 [LIN Qing] -- Buyer: 陳蕃薯 [CHEN Fanshu] -- Place: 福建省東山縣 [Fujian Sheng Dongshan Xian] -- Government,1954,福建省東山縣,Government,"Box 4, Folder 209",https://digital.library.pitt.edu/islandora/object/pitt:31735066267505
pitt:31735066267505,31735066267505,83967,3,students_documents_export/images/31735066267505_003.jpg,2500,1311,Seller: 林清 [LIN Qing] -- Buyer: 陳蕃薯 [CHEN Fanshu] -- Place: 福建省東山縣 [Fujian Sheng Dongshan Xian] -- Government,1954,福建省東山縣,Government,"Box 4, Folder 209",https://digital.library.pitt.edu/islandora/object/pitt:31735066267505
pitt:31735066267505,31735066267505,83967,4,students_documents_export/images/31735066267505_004.jpg,2500,1280,Seller: 林清 [LIN Qing] -- Buyer: 陳蕃薯 [CHEN Fanshu] -- Place: 福建省東山縣 [Fujian Sheng Dongshan Xian] -- Government,1954,福建省東山縣,Government,"Box 4, Folder 209",https://digital.library.pitt.edu/islandora/object/pitt:31735066267505
pitt:31735066267539,31735066267539,83971,1,students_documents_export/images/31735066267539_001.jpg,2277,2500,Seller: 陳佃 [CHEN Dian] -- Buyer: 施至尚 [SHI Zhishan] -- Place: 福建省晉江縣 [Fujian Sheng Jinjiang Xian] -- Government,1953,福建省晉江縣,Government,"Box 4, Folder 208",https://digital.library.pitt.edu/islandora/object/pitt:31735066267539
pitt:31735066267539,31735066267539,83971,2,students_documents_export/images/31735066267539_002.jpg,1473,2500,Seller: 陳佃 [CHEN Dian] -- Buyer: 施至尚 [SHI Zhishan] -- Place: 福建省晉江縣 [Fujian Sheng Jinjiang Xian] -- Government,1953,福建省晉江縣,Government,"Box 4, Folder 208",https://digital.library.pitt.edu/islandora/object/pitt:31735066267539
pitt:31735066267539,31735066267539,83971,3,students_documents_export/images/31735066267539_003.jpg,1480,2500,Seller: 陳佃 [CHEN Dian] -- Buyer: 施至尚 [SHI Zhishan] -- Place: 福建省晉江縣 [Fujian Sheng Jinjiang Xian] -- Government,1953,福建省晉江縣,Government,"Box 4, Folder 208",https://digital.library.pitt.edu/islandora/object/pitt:31735066267539
pitt:31735066267539,31735066267539,83971,4,students_documents_export/images/31735066267539_004.jpg,2500,1626,Seller: 陳佃 [CHEN Dian] -- Buyer: 施至尚 [SHI Zhishan] -- Place: 福建省晉江縣 [Fujian Sheng Jinjiang Xian] -- Government,1953,福建省晉江縣,Government,"Box 4, Folder 208",https://digital.library.pitt.edu/islandora/object/pitt:31735066267539
pitt:31735066267562,31735066267562,83974,1,students_documents_export/images/31735066267562_001.jpg,2294,2500,Seller: 陳佃 [CHEN Dian] -- Buyer: 施至尚 [SHI Zhishang] -- Place: 福建省晉江縣 [Fujian Sheng Jinjiang Xian] -- Government,1953,福建省晉江縣,Government,"Box 4, Folder 205",https://digital.library.pitt.edu/islandora/object/pitt:31735066267562
pitt:31735066267562,31735066267562,83974,2,students_documents_export/images/31735066267562_002.jpg,1465,2500,Seller: 陳佃 [CHEN Dian] -- Buyer: 施至尚 [SHI Zhishang] -- Place: 福建省晉江縣 [Fujian Sheng Jinjiang Xian] -- Government,1953,福建省晉江縣,Government,"Box 4, Folder 205",https://digital.library.pitt.edu/islandora/object/pitt:31735066267562
pitt:31735066267562,31735066267562,83974,3,students_documents_export/images/31735066267562_003.jpg,1522,2500,Seller: 陳佃 [CHEN Dian] -- Buyer: 施至尚 [SHI Zhishang] -- Place: 福建省晉江縣 [Fujian Sheng Jinjiang Xian] -- Government,1953,福建省晉江縣,Government,"Box 4, Folder 205",https://digital.library.pitt.edu/islandora/object/pitt:31735066267562
pitt:31735066267596,31735066267596,83977,1,students_documents_export/images/31735066267596_001.jpg,2500,1255,Seller: 金輯和 [JIN Jihe] -- Buyer: 金信江 [JIN Xinjiang] -- Place: 福建省永泰縣 [Fujian Sheng Yongtai Xian] -- Government,1925/1943,福建省永泰縣,Government,"Box 3, Folder 125",https://digital.library.pitt.edu/islandora/object/pitt:31735066267596
pitt:31735066267596,31735066267596,83977,2,students_documents_export/images/31735066267596_002.jpg,2039,2500,Seller: 金輯和 [JIN Jihe] -- Buyer: 金信江 [JIN Xinjiang] -- Place: 福建省永泰縣 [Fujian Sheng Yongtai Xian] -- Government,1925/1943,福建省永泰縣,Government,"Box 3, Folder 125",https://digital.library.pitt.edu/islandora/object/pitt:31735066267596
pitt:31735066267596,31735066267596,83977,3,students_documents_export/images/31735066267596_003.jpg,1085,2500,Seller: 金輯和 [JIN Jihe] -- Buyer: 金信江 [JIN Xinjiang] -- Place: 福建省永泰縣 [Fujian Sheng Yongtai Xian] -- Government,1925/1943,福建省永泰縣,Government,"Box 3, Folder 125",https://digital.library.pitt.edu/islandora/object/pitt:31735066267596
pitt:31735066267638,31735066267638,83981,1,students_documents_export/images/31735066267638_001.jpg,2123,2500,Seller: 陳燦祥 [CHEN Canxiang] -- Buyer: 吳右嚴？ [WU Youyan?] -- Place: 福建省閩邑 [Fujian Sheng Min Xian] -- Government,,福建省閩邑,Government,"Box 2, Folder 106",https://digital.library.pitt.edu/islandora/object/pitt:31735066267638
pitt:31735066267661,31735066267661,83984,1,students_documents_export/images/31735066267661_001.jpg,2102,2500,Owner: 藍福良 [LAN Fuliang] -- Place: 四川省榮縣 [Sichuan Sheng Rong Xian] -- Government,1953,四川省榮縣,Government,"Box 4, Folder 207",https://digital.library.pitt.edu/islandora/object/pitt:31735066267661
pitt:31735066267687,31735066267687,83987,1,students_documents_export/images/31735066267687_001.jpg,2500,1251,Seller: 王志撥？ [WANG Zhibo] -- Buyer: 陳 [CHEN] -- Personal,,,Personal,"Box 1, Folder 20",https://digital.library.pitt.edu/islandora/object/pitt:31735066267687
pitt:31735066267729,31735066267729,83991,1,students_documents_export/images/31735066267729_001.jpg,2500,1240,Seller: 徐正耀 [XU Zhengyao] -- Place: unknown -- Government,1678,unknown,Government,"Box 1, Folder 3",https://digital.library.pitt.edu/islandora/object/pitt:31735066267729
pitt:31735066267752,31735066267752,83994,1,students_documents_export/images/31735066267752_001.jpg,1818,2500,Seller: 孫宗馨 [SUN Zongxin ] -- Place: 福建省東山縣 [Fujian Sheng Dongshan Xian] -- Government,1952,福建省東山縣,Government,"Box 4, Folder 199",https://digital.library.pitt.edu/islandora/object/pitt:31735066267752
pitt:31735066267752,31735066267752,83994,2,students_documents_export/images/31735066267752_002.jpg,1949,2500,Seller: 孫宗馨 [SUN Zongxin ] -- Place: 福建省東山縣 [Fujian Sheng Dongshan Xian] -- Government,1952,福建省東山縣,Government,"Box 4, Folder 199",https://digital.library.pitt.edu/islandora/object/pitt:31735066267752
pitt:31735066267786,31735066267786,83997,1,students_documents_export/images/31735066267786_001.jpg,1502,2500,Owner: 張炳財 [ZHANG Bingcai] -- Place: 福建省連城縣 [Fujian Sheng Liancheng Xian] -- Personal,1584,福建省連城縣,Personal,"Box 1, Folder 1",https://digital.library.pitt.edu/islandora/object/pitt:31735066267786
pitt:31735066267844,31735066267844,84004,1,students_documents_export/images/31735066267844_001.jpg,2500,1243,Seller: 可翅 [KE Chi] -- Place: unknown --Personal,1782,unknown,Personal,"Box 1, Folder 10",https://digital.library.pitt.edu/islandora/object/pitt:31735066267844
pitt:31735066267877,31735066267877,84007,1,students_documents_export/images/31735066267877_001.jpg,1555,2500,Owner: 黃生官 [HUANG Shengguan] -- Place: 福建省閩侯縣 [Fujian Sheng Minhou Xian] -- Government,1951,福建省閩侯縣,Government,"Box 4, Folder 195",https://digital.library.pitt.edu/islandora/object/pitt:31735066267877
pitt:31735066267919,31735066267919,84011,1,students_documents_export/images/31735066267919_001.jpg,2236,2500,Owner: 陳必泉 [CHEN Biquan] -- Place: 福建省閩侯縣 [Fujian Sheng Minhou Xian] -- Government,1913,福建省閩侯縣,Government,"Box 2, Folder 99",https://digital.library.pitt.edu/islandora/object/pitt:31735066267919
pitt:31735066268040,31735066268040,84019,1,students_documents_export/images/31735066268040_001.jpg,2500,1504,Owner: 阮承苑 [RUAN Chengyuan] --Seller: 黃象智 [HUANG Xiangzhi] and 劉貞文[LIU Zhenwen] -- Buyer: 劉貞文 [ LIU Zhenwen] and 陸元盛 [LU Yuansheng]-- Place: 福建省古田縣 [Fujian Sheng Gutian Xian] -- Government,1869/1899,福建省古田縣,Government,"Box 1, Folder 47",https://digital.library.pitt.edu/islandora/object/pitt:31735066268040
pitt:31735066268040,31735066268040,84019,2,students_documents_export/images/31735066268040_002.jpg,2500,1321,Owner: 阮承苑 [RUAN Chengyuan] --Seller: 黃象智 [HUANG Xiangzhi] and 劉貞文[LIU Zhenwen] -- Buyer: 劉貞文 [ LIU Zhenwen] and 陸元盛 [LU Yuansheng]-- Place: 福建省古田縣 [Fujian Sheng Gutian Xian] -- Government,1869/1899,福建省古田縣,Government,"Box 1, Folder 47",https://digital.library.pitt.edu/islandora/object/pitt:31735066268040
pitt:31735066268040,31735066268040,84019,3,students_documents_export/images/31735066268040_003.jpg,1573,2500,Owner: 阮承苑 [RUAN Chengyuan] --Seller: 黃象智 [HUANG Xiangzhi] and 劉貞文[LIU Zhenwen] -- Buyer: 劉貞文 [ LIU Zhenwen] and 陸元盛 [LU Yuansheng]-- Place: 福建省古田縣 [Fujian Sheng Gutian Xian] -- Government,1869/1899,福建省古田縣,Government,"Box 1, Folder 47",https://digital.library.pitt.edu/islandora/object/pitt:31735066268040
pitt:31735068223258,31735068223258,84020,1,students_documents_export/images/31735068223258_001.jpg,2500,1029,Seller: 游振梅 [pin yin] -- Buyer: 楊坤貞 [pin yin] -- Place: 福建省閩縣 [Fujian Sheng Min Xian] -- Personal,1850/1923,福建省閩縣,Personal,"Box 1, Folder 33A",https://digital.library.pitt.edu/islandora/object/pitt:31735068223258
pitt:31735068223308,31735068223308,84023,1,students_documents_export/images/31735068223308_001.jpg,2500,1808,Seller: 張銓銓 [ZHANG Quanquan] -- Buyer: 鄒道明 [ZOU Daoming] -- Place: 福建省閩縣 [Fujian Sheng Min Xian] -- Personal,1889/1897,福建省閩縣,Personal,"Box 2, Folder 70B",https://digital.library.pitt.edu/islandora/object/pitt:31735068223308
pitt:31735068223332,31735068223332,84026,1,students_documents_export/images/31735068223332_001.jpg,2500,1362,Seller: 郭宗仲 [GUO Zongzhong] -- Buyer: 王齊發 [WANG Qifa] -- Place: 福建閩侯縣 [Fujian Sheng Minhou Xian] -- Personal,1906/1921,福建閩侯縣,Personal,"Box 2, Folder 88B",https://digital.library.pitt.edu/islandora/object/pitt:31735068223332
pitt:31735068223373,31735068223373,84029,1,students_documents_export/images/31735068223373_001.jpg,2109,2500,Seller: 陳吳氏 [CHEN Wushi] -- Buyer: 吳右岩 [WU Youyan] -- Place: 福建省閩侯縣 [Fujian Sheng Minhou Xian] -- Personal,1918/1932,福建省閩侯縣,Personal,"Box 2, Folder 108A",https://digital.library.pitt.edu/islandora/object/pitt:31735068223373
pitt:31735068223373,31735068223373,84029,2,students_documents_export/images/31735068223373_002.jpg,2050,2500,Seller: 陳吳氏 [CHEN Wushi] -- Buyer: 吳右岩 [WU Youyan] -- Place: 福建省閩侯縣 [Fujian Sheng Minhou Xian] -- Personal,1918/1932,福建省閩侯縣,Personal,"Box 2, Folder 108A",https://digital.library.pitt.edu/islandora/object/pitt:31735068223373
pitt:31735068223381,31735068223381,84030,1,students_documents_export/images/31735068223381_001.jpg,2500,981,Seller: 聖余 [SHENG Yu] -- Buyer: 西房眾 [Xi Fang Zhong] -- Place: 福建省永泰縣 [Fujian Sheng Yongtai Xian] -- Personal,1923/1930,福建省永泰縣,Personal,"Box 3, Folder 118A",https://digital.library.pitt.edu/islandora/object/pitt:31735068223381
pitt:31735068223381,31735068223381,84030,2,students_documents_export/images/31735068223381_002.jpg,2500,995,Seller: 聖余 [SHENG Yu] -- Buyer: 西房眾 [Xi Fang Zhong] -- Place: 福建省永泰縣 [Fujian Sheng Yongtai Xian] -- Personal,1923/1930,福建省永泰縣,Personal,"Box 3, Folder 118A",https://digital.library.pitt.edu/islandora/object/pitt:31735068223381
pitt:31735068223407,31735068223407,84033,1,students_documents_export/images/31735068223407_001.jpg,2500,2293,Seller: 陳兆濤 [CHEN Zhaotao] -- Buyer: 陳兆和 [CHEN Zhaohe] -- Place: 福建省永泰縣 [Fujian Sheng Yongtai Xian] -- Government,1927,福建省永泰縣,Government,"Box 3, Folder 131A",https://digital.library.pitt.edu/islandora/object/pitt:31735068223407
pitt:31735068223431,31735068223431,84036,1,students_documents_export/images/31735068223431_001.jpg,2428,2500,Seller: 陳宿康 [CHEN Sukang] -- Buyer: 陳桂修 [CHEN Guixiu] -- Place: 福建省閩侯縣 [Fujian Sheng Minhou Xian] -- Government,1929/1935,福建省閩侯縣,Government,"Box 3, Folder 140C",https://digital.library.pitt.edu/islandora/object/pitt:31735068223431
pitt:31735068223431,31735068223431,84036,2,students_documents_export/images/31735068223431_002.jpg,2500,1736,Seller: 陳宿康 [CHEN Sukang] -- Buyer: 陳桂修 [CHEN Guixiu] -- Place: 福建省閩侯縣 [Fujian Sheng Minhou Xian] -- Government,1929/1935,福建省閩侯縣,Government,"Box 3, Folder 140C",https://digital.library.pitt.edu/islandora/object/pitt:31735068223431
pitt:31735068223464,31735068223464,84039,1,students_documents_export/images/31735068223464_001.jpg,1787,2500,Owner: 余挹岩 [YU Yiyan] -- Place: 上海市 [Shanghai Shi] -- Property Charity bazaar letter,1948,上海市,Property Charity bazaar letter,"Box 4, Folder 188A",https://digital.library.pitt.edu/islandora/object/pitt:31735068223464
pitt:31735068223464,31735068223464,84039,2,students_documents_export/images/31735068223464_002.jpg,1841,2500,Owner: 余挹岩 [YU Yiyan] -- Place: 上海市 [Shanghai Shi] -- Property Charity bazaar letter,1948,上海市,Property Charity bazaar letter,"Box 4, Folder 188A",https://digital.library.pitt.edu/islandora/object/pitt:31735068223464
pitt:31735068223464,31735068223464,84039,3,students_documents_export/images/31735068223464_003.jpg,1365,2500,Owner: 余挹岩 [YU Yiyan] -- Place: 上海市 [Shanghai Shi] -- Property Charity bazaar letter,1948,上海市,Property Charity bazaar letter,"Box 4, Folder 188A",https://digital.library.pitt.edu/islandora/object/pitt:31735068223464
pitt:31735068223472,31735068223472,84040,1,students_documents_export/images/31735068223472_001.jpg,2161,2500,Seller: 王細細弟 [Younger brother of WANG Xixi] -- Buyer: 王炳凱 [WANG Bingkai] -- Place: 福建省閩侯縣 [Fujian Sheng Minhou Xian] -- Personal,1951,福建省閩侯縣,Personal,"Box 4, Folder 195A",https://digital.library.pitt.edu/islandora/object/pitt:31735068223472
pitt:31735066267976,31735066267976,84015,1,students_documents_export/images/31735066267976_001.jpg,2500,2317,Owner: 義容 [Yirong] -- Place: unknown -- Personal,1837,unknown,Personal,"Box 1, Folder 24-1",https://digital.library.pitt.edu/islandora/object/pitt:31735066267976
pitt:31735066267976,31735066267976,84015,2,students_documents_export/images/31735066267976_002.jpg,2457,2500,Owner: 義容 [Yirong] -- Place: unknown -- Personal,1837,unknown,Personal,"Box 1, Folder 24-1",https://digital.library.pitt.edu/islandora/object/pitt:31735066267976
pitt:31735066267976,31735066267976,84015,3,students_documents_export/images/31735066267976_003.jpg,2447,2500,Owner: 義容 [Yirong] -- Place: unknown -- Personal,1837,unknown,Personal,"Box 1, Folder 24-1",https://digital.library.pitt.edu/islandora/object/pitt:31735066267976
pitt:31735066267976,31735066267976,84015,4,students_documents_export/images/31735066267976_004.jpg,2481,2500,Owner: 義容 [Yirong] -- Place: unknown -- Personal,1837,unknown,Personal,"Box 1, Folder 24-1",https://digital.library.pitt.edu/islandora/object/pitt:31735066267976
pitt:31735066267976,31735066267976,84015,5,students_documents_export/images/31735066267976_005.jpg,2481,2500,Owner: 義容 [Yirong] -- Place: unknown -- Personal,1837,unknown,Personal,"Box 1, Folder 24-1",https://digital.library.pitt.edu/islandora/object/pitt:31735066267976
pitt:31735066267976,31735066267976,84015,6,students_documents_export/images/31735066267976_006.jpg,2481,2500,Owner: 義容 [Yirong] -- Place: unknown -- Personal,1837,unknown,Personal,"Box 1, Folder 24-1",https://digital.library.pitt.edu/islandora/object/pitt:31735066267976
pitt:31735066267976,31735066267976,84015,7,students_documents_export/images/31735066267976_007.jpg,2481,2500,Owner: 義容 [Yirong] -- Place: unknown -- Personal,1837,unknown,Personal,"Box 1, Folder 24-1",https://digital.library.pitt.edu/islandora/object/pitt:31735066267976
pitt:31735066267976,31735066267976,84015,8,students_documents_export/images/31735066267976_008.jpg,2481,2500,Owner: 義容 [Yirong] -- Place: unknown -- Personal,1837,unknown,Personal,"Box 1, Folder 24-1",https://digital.library.pitt.edu/islandora/object/pitt:31735066267976
pitt:31735066267976,31735066267976,84015,9,students_documents_export/images/31735066267976_009.jpg,2481,2500,Owner: 義容 [Yirong] -- Place: unknown -- Personal,1837,unknown,Personal,"Box 1, Folder 24-1",https://digital.library.pitt.edu/islandora/object/pitt:31735066267976
pitt:31735066267976,31735066267976,84015,10,students_documents_export/images/31735066267976_010.jpg,2451,2500,Owner: 義容 [Yirong] -- Place: unknown -- Personal,1837,unknown,Personal,"Box 1, Folder 24-1",https://digital.library.pitt.edu/islandora/object/pitt:31735066267976
pitt:31735066267976,31735066267976,84015,11,students_documents_export/images/31735066267976_011.jpg,2428,2500,Owner: 義容 [Yirong] -- Place: unknown -- Personal,1837,unknown,Personal,"Box 1, Folder 24-1",https://digital.library.pitt.edu/islandora/object/pitt:31735066267976
pitt:31735066268032,31735066268032,84018,1,students_documents_export/images/31735066268032_001.jpg,2031,2500,Place: 福建省閩侯縣 [Fujian Sheng Minhou Xian],,福建省閩侯縣,,"Box 4, Folder 214",https://digital.library.pitt.edu/islandora/object/pitt:31735066268032
pitt:31735068223290,31735068223290,84022,1,students_documents_export/images/31735068223290_001.jpg,2500,1739,Seller: 高金亮 [GAO Jinliang] --Buyer: 林 [LIN] -- Place: 福建省閩縣 [Fujian Sheng Min Xian] -- Personal,1889/1890,福建省閩縣,Personal,"Box 2, Folder 70A",https://digital.library.pitt.edu/islandora/object/pitt:31735068223290
pitt:31735066267943,31735066267943,84014,1,students_documents_export/images/31735066267943_001.jpg,2051,2500,Seller: 陳敬侯 [CHEN Jinghou] -- Buyer: 子秀 [ZI Xiu] -- Place: 福建省古田縣 [Fujian Sheng Gutian Xian] -- Government,1924,福建省古田縣,Government,"Box 3, Folder 121",https://digital.library.pitt.edu/islandora/object/pitt:31735066267943
pitt:31735066268024,31735066268024,84017,1,students_documents_export/images/31735066268024_001.jpg,1889,2500,Owner: 楊世平 [YANG Shiping] and 陳道祥 [CHEN Daoxiang] -- Place: 福建省順昌縣 [Fujian Sheng Shunchang Xian] -- Government,1978,福建省順昌縣,Government,"Box 4, Folder 210",https://digital.library.pitt.edu/islandora/object/pitt:31735066268024
pitt:31735068223266,31735068223266,84021,1,students_documents_export/images/31735068223266_001.jpg,1623,2500,Seller: 吳開揚 [WU Kaiyang] -- Buyer: 陳世旺 [CHEN Shiwang] -- Place: 福建省閩縣 [Fujian Sheng Min Xian] -- Government,1864,福建省閩縣,Government,"Box 1, Folder 39A",https://digital.library.pitt.edu/islandora/object/pitt:31735068223266
pitt:31735068223316,31735068223316,84024,1,students_documents_export/images/31735068223316_001.jpg,2500,1285,Seller: 鄒允春 [ZOU Yunchun] -- Buyer: 秋意軒老人會 [Qiuyixuan Laoren Hui] -- Place: N/A -- Personal,1900,N/A,Personal,"Box 2, Folder 83A",https://digital.library.pitt.edu/islandora/object/pitt:31735068223316
pitt:31735068223357,31735068223357,84027,1,students_documents_export/images/31735068223357_001.jpg,2500,1182,Seller: 方兆揚 [FANG Zhaoyang] -- Buyer: 方亨猷 [FANG Hengyou] -- Place: 福建閩侯縣 [Fujian Sheng Minhou Xian] -- Personal,1910/1915,福建閩侯縣,Personal,"Box 2, Folder 93A",https://digital.library.pitt.edu/islandora/object/pitt:31735068223357
pitt:31735068223399,31735068223399,84031,1,students_documents_export/images/31735068223399_001.jpg,2500,1964,Seller: 王三妹 [WANG Sanmei] -- Buyer: 陳軍漢 [CHEN Junhan] -- Place: 福建聲閩侯縣 [Fujian Sheng Minhou Xian] -- Government,1924/1928,福建聲閩侯縣,Government,"Box 3, Folder 119A",https://digital.library.pitt.edu/islandora/object/pitt:31735068223399
pitt:31735068223399,31735068223399,84031,2,students_documents_export/images/31735068223399_002.jpg,2500,2000,Seller: 王三妹 [WANG Sanmei] -- Buyer: 陳軍漢 [CHEN Junhan] -- Place: 福建聲閩侯縣 [Fujian Sheng Minhou Xian] -- Government,1924/1928,福建聲閩侯縣,Government,"Box 3, Folder 119A",https://digital.library.pitt.edu/islandora/object/pitt:31735068223399
pitt:31735068223415,31735068223415,84034,1,students_documents_export/images/31735068223415_001.jpg,1642,2500,Seller: 程道魯 [CHENG Daolu] -- Buyer: 程楊春 [CHENG Yangchun] -- Place: 福建省閩侯縣 [Fujian Sheng Minhou Xian] -- Government,1929,福建省閩侯縣,Government,"Box 3, Folder 140A",https://digital.library.pitt.edu/islandora/object/pitt:31735068223415
pitt:31735068223449,31735068223449,84037,1,students_documents_export/images/31735068223449_001.jpg,2500,1438,Seller: 陳聖榜 [CHEN Shengbang] -- Buyer: 陳桂修 [CHEN Guixiu] -- Place: 福建省閩侯縣 [Fujian Sheng Minhou Xian] -- Personal,1932/1935,福建省閩侯縣,Personal,"Box 3, Folder 147A",https://digital.library.pitt.edu/islandora/object/pitt:31735068223449
pitt:31735068223449,31735068223449,84037,2,students_documents_export/images/31735068223449_002.jpg,2500,1439,Seller: 陳聖榜 [CHEN Shengbang] -- Buyer: 陳桂修 [CHEN Guixiu] -- Place: 福建省閩侯縣 [Fujian Sheng Minhou Xian] -- Personal,1932/1935,福建省閩侯縣,Personal,"Box 3, Folder 147A",https://digital.library.pitt.edu/islandora/object/pitt:31735068223449
pitt:31735066237664,31735066237664,83878,1,students_documents_export/images/31735066237664_001.jpg,1253,2500,Owner: 黃同德 [HUANG Tongde] -- Place: 福建省永泰縣 [Fujian Sheng Yongtai Xian] -- Government,1924/1926,福建省永泰縣,Government,"Box 3, Folder 122",https://digital.library.pitt.edu/islandora/object/pitt:31735066237664
pitt:31735066237664,31735066237664,83878,2,students_documents_export/images/31735066237664_002.jpg,1235,2500,Owner: 黃同德 [HUANG Tongde] -- Place: 福建省永泰縣 [Fujian Sheng Yongtai Xian] -- Government,1924/1926,福建省永泰縣,Government,"Box 3, Folder 122",https://digital.library.pitt.edu/islandora/object/pitt:31735066237664
pitt:31735066237706,31735066237706,83882,1,students_documents_export/images/31735066237706_001.jpg,2500,1170,Seller: 陳欽隆 [CHEN Qinlong] -- Buyer: 陳欽瑞 [CHEN Qinrui] -- Place: 福建省 [Fujian Sheng] -- Personal,1936,福建省,Personal,"Box 3, Folder 159",https://digital.library.pitt.edu/islandora/object/pitt:31735066237706
pitt:31735066237730,31735066237730,83885,1,students_documents_export/images/31735066237730_001.jpg,2500,1654,Seller: 劉嘉命 [LIU Jiaming] -- Buyer: 劉源森 [LIU Yuansen] -- Place: 福建省建陽縣 [Fujian Sheng Jianyang Xian] -- Government,1910,福建省建陽縣,Government,"Box 2, Folder 92",https://digital.library.pitt.edu/islandora/object/pitt:31735066237730
pitt:31735066237763,31735066237763,83888,1,students_documents_export/images/31735066237763_001.jpg,1940,2500,Owner: 吳修晟 [WU Xiusheng] -- Place: 福建省晉江縣 [Fujian Sheng Jinjiang Xian] -- Government,1937,福建省晉江縣,Government,"Box 3, Folder 160",https://digital.library.pitt.edu/islandora/object/pitt:31735066237763
pitt:31735066266184,31735066266184,83895,1,students_documents_export/images/31735066266184_001.jpg,2248,2500,Owner: 林修枝 [LIN Xiuzhi] -- Place: 福建省林森縣 [Fujian Sheng Linsen Xianen] -- Government,1947,福建省林森縣,Government,"Box 4, Folder 178",https://digital.library.pitt.edu/islandora/object/pitt:31735066266184
pitt:31735066266218,31735066266218,83898,1,students_documents_export/images/31735066266218_001.jpg,2276,2500,Owner: 林修枝 [LIN Xiuzhi] -- Place: 福建省林森縣 [Fujian Sheng Linsen Xian] -- Government,1947,福建省林森縣,Government,"Box 4, Folder 181",https://digital.library.pitt.edu/islandora/object/pitt:31735066266218
pitt:31735066266259,31735066266259,83902,1,students_documents_export/images/31735066266259_001.jpg,2500,1337,Owner: 林氏 [LIN Shi] -- Personal,1840,,Personal,"Box 1, Folder 26",https://digital.library.pitt.edu/islandora/object/pitt:31735066266259
pitt:31735066266283,31735066266283,83905,1,students_documents_export/images/31735066266283_001.jpg,2338,2500,Seller: 林宜新 [LIN Yixin] -- Buyer: 林久樹 [LIN Jiushu] -- Place: 福建省閩侯縣 [Fujian Sheng Minhou Xian] -- Government,1915,福建省閩侯縣,Government,"Box 2, Folder 101",https://digital.library.pitt.edu/islandora/object/pitt:31735066266283
pitt:31735066266341,31735066266341,83912,1,students_documents_export/images/31735066266341_001.jpg,2334,2500,Buyer: 錆啇百壽協廳軒 [Qiangdi Baishouxietingxuan] -- Place: 福建省 [Fujian Sheng] -- Government,1928,福建省,Government,"Box 3, Folder 134",https://digital.library.pitt.edu/islandora/object/pitt:31735066266341
pitt:31735066266374,31735066266374,83915,1,students_documents_export/images/31735066266374_001.jpg,2500,1813,Seller: 林厚成 [LIN Houcheng] and 林厚祿 [Lin Houlu] and 林厚祥 [Lin Houxiang] -- Buyer: 葉成 [YE Cheng] -- Place: 福建省侯官縣 [Fujian Sheng Houguan Xian] -- Personal,1844/1845,福建省侯官縣,Personal,"Box 1, Folder 31",https://digital.library.pitt.edu/islandora/object/pitt:31735066266374
pitt:31735066266374,31735066266374,83915,2,students_documents_export/images/31735066266374_002.jpg,1996,2500,Seller: 林厚成 [LIN Houcheng] and 林厚祿 [Lin Houlu] and 林厚祥 [Lin Houxiang] -- Buyer: 葉成 [YE Cheng] -- Place: 福建省侯官縣 [Fujian Sheng Houguan Xian] -- Personal,1844/1845,福建省侯官縣,Personal,"Box 1, Folder 31",https://digital.library.pitt.edu/islandora/object/pitt:31735066266374
pitt:31735066266408,31735066266408,83918,1,students_documents_export/images/31735066266408_001.jpg,1917,2500,Owner: 陳行典 [CHENG Xingdian] -- Place: 福建省閩清縣 [Fujian Sheng Minqing Xian] -- Personal,1840,福建省閩清縣,Personal,"Box 1, Folder 27",https://digital.library.pitt.edu/islandora/object/pitt:31735066266408
pitt:31735066266440,31735066266440,83922,1,students_documents_export/images/31735066266440_001.jpg,1747,2500,Owner: 慎方 [Shenfang] -- Place: 福建省連城縣 [Fujian Sheng Liancheng Xian] -- Government,1827/1850,福建省連城縣,Government,"Box 4, Folder 212",https://digital.library.pitt.edu/islandora/object/pitt:31735066266440
pitt:31735066266465,31735066266465,83925,1,students_documents_export/images/31735066266465_001.jpg,1733,2500,Seller: 吳秉鑒 [WU Bingjian] -- Buyer: 謝 [XIE] -- Place: 福建省閩縣 [Fujian Sheng Min Xian] -- Government,,福建省閩縣,Government,"Box 4, Folder 213",https://digital.library.pitt.edu/islandora/object/pitt:31735066266465
pitt:31735066266499,31735066266499,83928,1,students_documents_export/images/31735066266499_001.jpg,1313,2500,Owner: 黃克動 [HUANG Kedong] -- Place: 福建省林森縣 [Fujian Sheng Linsen Xian] -- Government,1946,福建省林森縣,Government,"Box 4, Folder 171",https://digital.library.pitt.edu/islandora/object/pitt:31735066266499
pitt:31735066266531,31735066266531,83932,1,students_documents_export/images/31735066266531_001.jpg,2266,2500,Seller: 余德光 [YU Deguang] -- Buyer: 林聖魁 [LIN Shengkui] -- Place: 福建省閩清縣 [Fujian Sheng Minqing Xian] -- Government,1913,福建省閩清縣,Government,"Box 2, Folder 98",https://digital.library.pitt.edu/islandora/object/pitt:31735066266531
pitt:31735066266564,31735066266564,83935,1,students_documents_export/images/31735066266564_001.jpg,2500,1266,Seller: 黃懷周 [HUANG Huaizhou] -- Buyer: 邵李氏 [Shaolishi] -- Place: 福建省閩侯縣 [Fujian Sheng Minhou Xian] -- Government,1934/1940,福建省閩侯縣,Government,"Box 3, Folder 151",https://digital.library.pitt.edu/islandora/object/pitt:31735066266564
pitt:31735066266564,31735066266564,83935,2,students_documents_export/images/31735066266564_002.jpg,1800,2500,Seller: 黃懷周 [HUANG Huaizhou] -- Buyer: 邵李氏 [Shaolishi] -- Place: 福建省閩侯縣 [Fujian Sheng Minhou Xian] -- Government,1934/1940,福建省閩侯縣,Government,"Box 3, Folder 151",https://digital.library.pitt.edu/islandora/object/pitt:31735066266564
pitt:31735066266598,31735066266598,83938,1,students_documents_export/images/31735066266598_001.jpg,2500,1231,Seller: 林明尊 [LIN Mingzun] -- Buyer: 陳功存 [CHEN Gongcun] -- Place: 福建省上竹林 [Fujian Sheng Shangzhulin] -- Personal,1945,福建省上竹林,Personal,"Box 3, Folder 169",https://digital.library.pitt.edu/islandora/object/pitt:31735066266598
pitt:31735066266622,31735066266622,83942,1,students_documents_export/images/31735066266622_001.jpg,2500,1204,Seller: 陳欽隆 [CHEN Qinlong] -- Buyer: 陳欽瑞 [CHEN Qinrui] -- Place: 福建省閩侯縣 [Fujian Sheng Minhou Xian] -- Personal,1936,福建省閩侯縣,Personal,"Box 3, Folder 157",https://digital.library.pitt.edu/islandora/object/pitt:31735066266622
pitt:31735066266655,31735066266655,83945,1,students_documents_export/images/31735066266655_001.jpg,2500,1161,Seller: 欽源 [Qinyuan] -- Buyer: 陳欽瑞 [CHEN Qinrui] -- Place: 福建省福清縣 [Fujian Sheng Fuqing Xian] -- Personal,1932,福建省福清縣,Personal,"Box 3, Folder 147",https://digital.library.pitt.edu/islandora/object/pitt:31735066266655
pitt:31735066266689,31735066266689,83948,1,students_documents_export/images/31735066266689_001.jpg,2500,1062,Seller: 朝官 [Chaoguan] -- Buyer: 文鳳 [Wenfeng] -- Place: 福建省 [Fujian Sheng] -- Government,1926,福建省,Government,"Box 3, Folder 126",https://digital.library.pitt.edu/islandora/object/pitt:31735066266689
pitt:31735066266721,31735066266721,83952,1,students_documents_export/images/31735066266721_001.jpg,1288,2500,Owner: 黃乞容 [HUANG Qirong] -- Place: 福建省永泰縣 [Fujian Sheng Yongtai Xian] -- Government,1931,福建省永泰縣,Government,"Box 3, Folder 143",https://digital.library.pitt.edu/islandora/object/pitt:31735066266721
pitt:31735066266747,31735066266747,83955,1,students_documents_export/images/31735066266747_001.jpg,1259,2500,Owner: 黃同華 [HUANG Tonghua] -- Place: 福建省永泰縣 [Fujian Sheng Yongtai Xian] -- Government,1926,福建省永泰縣,Government,"Box 3, Folder 127",https://digital.library.pitt.edu/islandora/object/pitt:31735066266747
pitt:31735066267414,31735066267414,83958,1,students_documents_export/images/31735066267414_001.jpg,2071,2500,Owner: 李銀山 [LI Yinshan] -- Place: 四川省合川縣 [Sichuan Sheng Hechuan Xian] -- Government,1953,四川省合川縣,Government,"Box 4, Folder 202",https://digital.library.pitt.edu/islandora/object/pitt:31735066267414
pitt:31735066267455,31735066267455,83962,1,students_documents_export/images/31735066267455_001.jpg,1785,2500,Owner: 王萃延 [WANG Cuiyan] -- Place: 福建省南安縣 [Fujian Sheng Nan'an Xian] -- Government,1951,福建省南安縣,Government,"Box 4, Folder 194",https://digital.library.pitt.edu/islandora/object/pitt:31735066267455
pitt:31735066267489,31735066267489,83965,1,students_documents_export/images/31735066267489_001.jpg,2500,1317,Seller: 張國光 [ZHANG Guoguang] -- Buyer: 張國寶 [ZHANG Guobao] -- Place: 福建省閩侯縣 [Fujian Sheng Minhou Xian] -- Government,1928/1935,福建省閩侯縣,Government,"Box 3, Folder 132",https://digital.library.pitt.edu/islandora/object/pitt:31735066267489
pitt:31735066267489,31735066267489,83965,2,students_documents_export/images/31735066267489_002.jpg,2017,2500,Seller: 張國光 [ZHANG Guoguang] -- Buyer: 張國寶 [ZHANG Guobao] -- Place: 福建省閩侯縣 [Fujian Sheng Minhou Xian] -- Government,1928/1935,福建省閩侯縣,Government,"Box 3, Folder 132",https://digital.library.pitt.edu/islandora/object/pitt:31735066267489
pitt:31735066267513,31735066267513,83968,1,students_documents_export/images/31735066267513_001.jpg,1257,2500,Seller: 姚望兌 [YAO Wangdui] and 姚望駀 [YAO Wangyou] -- Government,1921,,Government,"Box 3, Folder 116",https://digital.library.pitt.edu/islandora/object/pitt:31735066267513
pitt:31735066267547,31735066267547,83972,1,students_documents_export/images/31735066267547_001.jpg,2500,2351,Seller: 黃榮森 [HUANG Rongsen] -- Buyer: 黃煌 [HUANG Huang] -- Place: 福建省東山縣 [Fujian Sheng Dongshan Xian] -- Government,1947/1952,福建省東山縣,Government,"Box 4, Folder 188",https://digital.library.pitt.edu/islandora/object/pitt:31735066267547
pitt:31735066267547,31735066267547,83972,2,students_documents_export/images/31735066267547_002.jpg,1964,2500,Seller: 黃榮森 [HUANG Rongsen] -- Buyer: 黃煌 [HUANG Huang] -- Place: 福建省東山縣 [Fujian Sheng Dongshan Xian] -- Government,1947/1952,福建省東山縣,Government,"Box 4, Folder 188",https://digital.library.pitt.edu/islandora/object/pitt:31735066267547
pitt:31735066267547,31735066267547,83972,3,students_documents_export/images/31735066267547_003.jpg,2500,1539,Seller: 黃榮森 [HUANG Rongsen] -- Buyer: 黃煌 [HUANG Huang] -- Place: 福建省東山縣 [Fujian Sheng Dongshan Xian] -- Government,1947/1952,福建省東山縣,Government,"Box 4, Folder 188",https://digital.library.pitt.edu/islandora/object/pitt:31735066267547
pitt:31735066267570,31735066267570,83975,1,students_documents_export/images/31735066267570_001.jpg,2157,2500,Owner: 林親顶 [LIN Qinding] -- Seller: 陳佃 [CHEN Dian] -- Buyer: 施至祥 [SHI Zhixiang] -- Place: 福建省晉江縣 [Fujian Sheng Jinjiang Xian] -- Government,1935/1953,福建省晉江縣,Government,"Box 3, Folder 155",https://digital.library.pitt.edu/islandora/object/pitt:31735066267570
pitt:31735066267570,31735066267570,83975,2,students_documents_export/images/31735066267570_002.jpg,2324,2500,Owner: 林親顶 [LIN Qinding] -- Seller: 陳佃 [CHEN Dian] -- Buyer: 施至祥 [SHI Zhixiang] -- Place: 福建省晉江縣 [Fujian Sheng Jinjiang Xian] -- Government,1935/1953,福建省晉江縣,Government,"Box 3, Folder 155",https://digital.library.pitt.edu/islandora/object/pitt:31735066267570
pitt:31735066267604,31735066267604,83978,1,students_documents_export/images/31735066267604_001.jpg,1946,2500,Owner: 李文富 [LI Wenfu] -- Place: 雲南省鶴慶縣 [Yunnan Sheng Heqing Xian] -- Government,1953,雲南省鶴慶縣,Government,"Box 4, Folder 206",https://digital.library.pitt.edu/islandora/object/pitt:31735066267604
pitt:31735066267646,31735066267646,83982,1,students_documents_export/images/31735066267646_001.jpg,1438,2500,Seller: 何金盛 [HE Jinsheng] -- Buyer: 何振華 [HE Zhenhua] -- Place: 福建省建陽縣 [Fujian Sheng Jianyang Xian] -- Government,1909,福建省建陽縣,Government,"Box 2, Folder 89",https://digital.library.pitt.edu/islandora/object/pitt:31735066267646
pitt:31735066267695,31735066267695,83988,1,students_documents_export/images/31735066267695_001.jpg,2500,1208,Owner: 林施裕 [LIN Shiyu] -- Place: 福建省永泰縣 [Fujian Sheng Yongtai Xian] -- Government,1939,福建省永泰縣,Government,"Box 3, Folder 161",https://digital.library.pitt.edu/islandora/object/pitt:31735066267695
pitt:31735066267695,31735066267695,83988,2,students_documents_export/images/31735066267695_002.jpg,1805,2500,Owner: 林施裕 [LIN Shiyu] -- Place: 福建省永泰縣 [Fujian Sheng Yongtai Xian] -- Government,1939,福建省永泰縣,Government,"Box 3, Folder 161",https://digital.library.pitt.edu/islandora/object/pitt:31735066267695
pitt:31735066267695,31735066267695,83988,3,students_documents_export/images/31735066267695_003.jpg,1199,2500,Owner: 林施裕 [LIN Shiyu] -- Place: 福建省永泰縣 [Fujian Sheng Yongtai Xian] -- Government,1939,福建省永泰縣,Government,"Box 3, Folder 161",https://digital.library.pitt.edu/islandora/object/pitt:31735066267695
pitt:31735066267737,31735066267737,83992,1,students_documents_export/images/31735066267737_001.jpg,2328,2500,Seller: 黃奶壽 [HUANG Naishou] -- Personal,1869,,Personal,"Box 1, Folder 45",https://digital.library.pitt.edu/islandora/object/pitt:31735066267737
pitt:31735066267760,31735066267760,83995,1,students_documents_export/images/31735066267760_001.jpg,2500,1191,Seller: 長忠 [Changzhong] -- Place: 福建省閩清縣 [Fujian Sheng Minqing Xian] -- Government,1916,福建省閩清縣,Government,"Box 2, Folder 104",https://digital.library.pitt.edu/islandora/object/pitt:31735066267760
pitt:31735066267760,31735066267760,83995,2,students_documents_export/images/31735066267760_002.jpg,2309,2500,Seller: 長忠 [Changzhong] -- Place: 福建省閩清縣 [Fujian Sheng Minqing Xian] -- Government,1916,福建省閩清縣,Government,"Box 2, Folder 104",https://digital.library.pitt.edu/islandora/object/pitt:31735066267760
pitt:31735066267794,31735066267794,83998,1,students_documents_export/images/31735066267794_001.jpg,2500,1667,Seller: 劉隹 [LIU Zhui] -- Buyer: 沙延德 [SHA Yande] -- Place: 福建省東山縣 [Fujian Sheng Dongshan Xian] -- Government,1949/1952,福建省東山縣,Government,"Box 4, Folder 193",https://digital.library.pitt.edu/islandora/object/pitt:31735066267794
pitt:31735066267794,31735066267794,83998,2,students_documents_export/images/31735066267794_002.jpg,1972,2500,Seller: 劉隹 [LIU Zhui] -- Buyer: 沙延德 [SHA Yande] -- Place: 福建省東山縣 [Fujian Sheng Dongshan Xian] -- Government,1949/1952,福建省東山縣,Government,"Box 4, Folder 193",https://digital.library.pitt.edu/islandora/object/pitt:31735066267794
pitt:31735066267794,31735066267794,83998,3,students_documents_export/images/31735066267794_003.jpg,2500,1443,Seller: 劉隹 [LIU Zhui] -- Buyer: 沙延德 [SHA Yande] -- Place: 福建省東山縣 [Fujian Sheng Dongshan Xian] -- Government,1949/1952,福建省東山縣,Government,"Box 4, Folder 193",https://digital.library.pitt.edu/islandora/object/pitt:31735066267794
pitt:31735066267828,31735066267828,84002,1,students_documents_export/images/31735066267828_001.jpg,2222,2500,Seller: 王師禮 [WANG Shili] -- Buyer: 許大華 [XU Dahua] -- Place: 福建省閩侯縣 [Fujian Sheng Minhou Xian] -- Government,1886/1913,福建省閩侯縣,Government,"Box 2, Folder 62",https://digital.library.pitt.edu/islandora/object/pitt:31735066267828
pitt:31735066267828,31735066267828,84002,2,students_documents_export/images/31735066267828_002.jpg,2292,2500,Seller: 王師禮 [WANG Shili] -- Buyer: 許大華 [XU Dahua] -- Place: 福建省閩侯縣 [Fujian Sheng Minhou Xian] -- Government,1886/1913,福建省閩侯縣,Government,"Box 2, Folder 62",https://digital.library.pitt.edu/islandora/object/pitt:31735066267828
pitt:31735066237672,31735066237672,83879,1,students_documents_export/images/31735066237672_001.jpg,1244,2500,Owner: 鄭其英 [ZHENG Qiying] and 沈齊 [SHEN Qi] -- Place: 福建省永安县和永福县 [Fujian Sheng Yongan Xian and Yongfu Xian] -- Government,1895/1900,福建省永安县和永福县,Government,"Box 2, Folder 79",https://digital.library.pitt.edu/islandora/object/pitt:31735066237672
pitt:31735066237672,31735066237672,83879,2,students_documents_export/images/31735066237672_002.jpg,1335,2500,Owner: 鄭其英 [ZHENG Qiying] and 沈齊 [SHEN Qi] -- Place: 福建省永安县和永福县 [Fujian Sheng Yongan Xian and Yongfu Xian] -- Government,1895/1900,福建省永安县和永福县,Government,"Box 2, Folder 79",https://digital.library.pitt.edu/islandora/object/pitt:31735066237672
pitt:31735066237680,31735066237680,83880,1,students_documents_export/images/31735066237680_001.jpg,1250,2500,Owner: 黃汝勷 [HUANG Rurang] -- Place: 福建省永泰縣 [Fujian Sheng Yongtai Xian] -- Government,1922,福建省永泰縣,Government,"Box 3, Folder 117",https://digital.library.pitt.edu/islandora/object/pitt:31735066237680
pitt:31735066266168,31735066266168,83893,1,students_documents_export/images/31735066266168_001.jpg,2320,2500,Owner: 林修枝 [LIN Xiuzhi] -- Place: 福建省林森縣 [Fujian Sheng Linsen Xian] -- Government,1947,福建省林森縣,Government,"Box 4, Folder 176",https://digital.library.pitt.edu/islandora/object/pitt:31735066266168
pitt:31735066266192,31735066266192,83896,1,students_documents_export/images/31735066266192_001.jpg,2285,2500,Owner: 林修枝 [LIN Xiuzhi] -- Place: 福建省林森縣 [Fujian Sheng Linsen Xian] -- Government,1947,福建省林森縣,Government,"Box 4, Folder 179",https://digital.library.pitt.edu/islandora/object/pitt:31735066266192
pitt:31735066267851,31735066267851,84005,1,students_documents_export/images/31735066267851_001.jpg,2500,1240,Seller: 林與清 [LIN Yuqing] -- Place: unknown --Personal,1903,unknown,Personal,"Box 2, Folder 84",https://digital.library.pitt.edu/islandora/object/pitt:31735066267851
pitt:31735066266267,31735066266267,83903,1,students_documents_export/images/31735066266267_001.jpg,2500,1128,Seller: 德詮（僧人） [Dequan] -- Place: 福建省侯官縣 [Fujian Sheng Houguan Xian] -- Government,1866,福建省侯官縣,Government,"Box 1, Folder 40",https://digital.library.pitt.edu/islandora/object/pitt:31735066266267
pitt:31735066266291,31735066266291,83906,1,students_documents_export/images/31735066266291_001.jpg,2500,1622,Seller: 張寶詨 [ZHANG Baoxiao] -- Buyer: 程長孫 [CHENG Changsun] -- Personal,1890,,Personal,"Box 2, Folder 81",https://digital.library.pitt.edu/islandora/object/pitt:31735066266291
pitt:31735066267885,31735066267885,84008,1,students_documents_export/images/31735066267885_001.jpg,2500,1447,Seller: 陳士曾 [CHEN Shizeng] -- Place: unknown -- Government,1858,unknown,Government,"Box 1, Folder 35",https://digital.library.pitt.edu/islandora/object/pitt:31735066267885
pitt:31735066266358,31735066266358,83913,1,students_documents_export/images/31735066266358_001.jpg,2500,1797,Place: 福建省閩侯縣 [Fujian Sheng Minhou Xian] -- Government,1932,福建省閩侯縣,Government,"Box 3, Folder 144",https://digital.library.pitt.edu/islandora/object/pitt:31735066266358
pitt:31735066266382,31735066266382,83916,1,students_documents_export/images/31735066266382_001.jpg,2229,2500,Seller: 陸元規 [LU Yuangui] -- Buyer: 陸元賜 [LU Yuanci] -- Place: 福建省古田縣 [Fujian Sheng Gutian Xian] -- Government,1888/1913,福建省古田縣,Government,"Box 2, Folder 66",https://digital.library.pitt.edu/islandora/object/pitt:31735066266382
pitt:31735066266382,31735066266382,83916,2,students_documents_export/images/31735066266382_002.jpg,2500,1191,Seller: 陸元規 [LU Yuangui] -- Buyer: 陸元賜 [LU Yuanci] -- Place: 福建省古田縣 [Fujian Sheng Gutian Xian] -- Government,1888/1913,福建省古田縣,Government,"Box 2, Folder 66",https://digital.library.pitt.edu/islandora/object/pitt:31735066266382
pitt:31735066266416,31735066266416,83919,1,students_documents_export/images/31735066266416_001.jpg,1317,2500,Seller: 陳必清 [CHEN Biqing] -- Buyer: 陳必泉 [CHEN Biquan] -- Place: 福建省閩縣 [Fujian Sheng Min Xian] -- Government,1888,福建省閩縣,Government,"Box 2, Folder 68",https://digital.library.pitt.edu/islandora/object/pitt:31735066266416
pitt:31735066266424,31735066266424,83920,1,students_documents_export/images/31735066266424_001.jpg,1436,2500,Seller: 吳開成 [WU Kaicheng] -- Buyer: 陳 [CHEN] -- Place: 福建省閩縣 [Fujian Sheng Min Xian] -- Government,1873,福建省閩縣,Government,"Box 2, Folder 53",https://digital.library.pitt.edu/islandora/object/pitt:31735066266424
pitt:31735064607439,31735064607439,83793,1,students_documents_export/images/31735064607439_001.jpg,2500,2324,Owner: 林枝貴 [LIN Zhigui] -- Place: 福建省古田縣 [Fujian Sheng Gutian Xian] -- Government,1929,福建省古田縣,Government,"Box 3, Folder 139",https://digital.library.pitt.edu/islandora/object/pitt:31735064607439
pitt:31735064607462,31735064607462,83796,1,students_documents_export/images/31735064607462_001.jpg,2500,1193,Seller: 高天钏 [GAO Tianchuan] -- Buyer: 郑祚龙 [ZHENG Zuolong] -- Personal,1931,,Personal,"Box 3, Folder 142",https://digital.library.pitt.edu/islandora/object/pitt:31735064607462
pitt:31735064607496,31735064607496,83799,1,students_documents_export/images/31735064607496_001.jpg,2500,1138,Seller: 鄒允春 [ZOU Yunchun] -- Buyer: 和意軒老人會 [Heyixuan Laorenhui] -- Place: 福建省閩邑（縣） [Fujian Sheng Min Xian ] -- Government,1900,福建省閩邑（縣）,Government,"Box 2, Folder 82",https://digital.library.pitt.edu/islandora/object/pitt:31735064607496
pitt:31735064607520,31735064607520,83803,1,students_documents_export/images/31735064607520_001.jpg,2500,1228,Seller: 祿中 [Luzhong] -- Place: 福建省永安縣 [Fujian Sheng Yongan Xian] -- Government,1876,福建省永安縣,Government,"Box 2, Folder 55",https://digital.library.pitt.edu/islandora/object/pitt:31735064607520
pitt:31735064607553,31735064607553,83806,1,students_documents_export/images/31735064607553_001.jpg,2500,1195,Seller: 藍維乾 [LAN Weiqian] and 藍維坤 [LAN Weikun] -- Buyer: 吳淮棉 [WU Huaimian] -- Personal,1940,,Personal,"Box 3, Folder 162",https://digital.library.pitt.edu/islandora/object/pitt:31735064607553
pitt:31735064607587,31735064607587,83809,1,students_documents_export/images/31735064607587_001.jpg,2500,1098,Seller: 方元慈 [FANG Yuanci] -- Buyer: 方潮濤 [FANG Chaotao] -- Place: 福建省閩侯縣 [Fujian Sheng Minhou Xian] -- Government,1871/1913,福建省閩侯縣,Government,"Box 1, Folder 50",https://digital.library.pitt.edu/islandora/object/pitt:31735064607587
pitt:31735064607587,31735064607587,83809,2,students_documents_export/images/31735064607587_002.jpg,2500,1330,Seller: 方元慈 [FANG Yuanci] -- Buyer: 方潮濤 [FANG Chaotao] -- Place: 福建省閩侯縣 [Fujian Sheng Minhou Xian] -- Government,1871/1913,福建省閩侯縣,Government,"Box 1, Folder 50",https://digital.library.pitt.edu/islandora/object/pitt:31735064607587
pitt:31735064607587,31735064607587,83809,3,students_documents_export/images/31735064607587_003.jpg,2335,2500,Seller: 方元慈 [FANG Yuanci] -- Buyer: 方潮濤 [FANG Chaotao] -- Place: 福建省閩侯縣 [Fujian Sheng Minhou Xian] -- Government,1871/1913,福建省閩侯縣,Government,"Box 1, Folder 50",https://digital.library.pitt.edu/islandora/object/pitt:31735064607587
pitt:31735064607587,31735064607587,83809,4,students_documents_export/images/31735064607587_004.jpg,1490,2500,Seller: 方元慈 [FANG Yuanci] -- Buyer: 方潮濤 [FANG Chaotao] -- Place: 福建省閩侯縣 [Fujian Sheng Minhou Xian] -- Government,1871/1913,福建省閩侯縣,Government,"Box 1, Folder 50",https://digital.library.pitt.edu/islandora/object/pitt:31735064607587
pitt:31735064607595,31735064607595,83810,1,students_documents_export/images/31735064607595_001.jpg,2500,1316,Seller: 劉振萬 [LIU Zhenwan] -- Buyer: 劉紀臣 [LIU jichen] -- Place: 福建省閩清縣 [Fujian Sheng Minqing Xian] -- Government,1932,福建省閩清縣,Government,"Box 3, Folder 145",https://digital.library.pitt.edu/islandora/object/pitt:31735064607595
pitt:31735064607595,31735064607595,83810,2,students_documents_export/images/31735064607595_002.jpg,1930,2500,Seller: 劉振萬 [LIU Zhenwan] -- Buyer: 劉紀臣 [LIU jichen] -- Place: 福建省閩清縣 [Fujian Sheng Minqing Xian] -- Government,1932,福建省閩清縣,Government,"Box 3, Folder 145",https://digital.library.pitt.edu/islandora/object/pitt:31735064607595
pitt:31735064607629,31735064607629,83813,1,students_documents_export/images/31735064607629_001.jpg,2500,1406,Seller: 蘇章林 [SU Zhanglin] -- Buyer: 劉仕懋 [LIU Shimao] -- Personal,1898,,Personal,"Box 2, Folder 80",https://digital.library.pitt.edu/islandora/object/pitt:31735064607629
pitt:31735064607645,31735064607645,83816,1,students_documents_export/images/31735064607645_001.jpg,2500,2311,Owner: 林萬開 [LIN Wankai] -- Personal,1891,,Personal,"Box 2, Folder 74",https://digital.library.pitt.edu/islandora/object/pitt:31735064607645
pitt:31735064607645,31735064607645,83816,2,students_documents_export/images/31735064607645_002.jpg,2500,2306,Owner: 林萬開 [LIN Wankai] -- Personal,1891,,Personal,"Box 2, Folder 74",https://digital.library.pitt.edu/islandora/object/pitt:31735064607645
pitt:31735064607645,31735064607645,83816,3,students_documents_export/images/31735064607645_003.jpg,2500,2317,Owner: 林萬開 [LIN Wankai] -- Personal,1891,,Personal,"Box 2, Folder 74",https://digital.library.pitt.edu/islandora/object/pitt:31735064607645
pitt:31735064607645,31735064607645,83816,4,students_documents_export/images/31735064607645_004.jpg,2500,2357,Owner: 林萬開 [LIN Wankai] -- Personal,1891,,Personal,"Box 2, Folder 74",https://digital.library.pitt.edu/islandora/object/pitt:31735064607645
pitt:31735064607645,31735064607645,83816,5,students_documents_export/images/31735064607645_005.jpg,2500,2333,Owner: 林萬開 [LIN Wankai] -- Personal,1891,,Personal,"Box 2, Folder 74",https://digital.library.pitt.edu/islandora/object/pitt:31735064607645
pitt:31735064607645,31735064607645,83816,6,students_documents_export/images/31735064607645_006.jpg,2500,2315,Owner: 林萬開 [LIN Wankai] -- Personal,1891,,Personal,"Box 2, Folder 74",https://digital.library.pitt.edu/islandora/object/pitt:31735064607645
pitt:31735064607645,31735064607645,83816,7,students_documents_export/images/31735064607645_007.jpg,2500,2325,Owner: 林萬開 [LIN Wankai] -- Personal,1891,,Personal,"Box 2, Folder 74",https://digital.library.pitt.edu/islandora/object/pitt:31735064607645
pitt:31735064607645,31735064607645,83816,8,students_documents_export/images/31735064607645_008.jpg,2500,2342,Owner: 林萬開 [LIN Wankai] -- Personal,1891,,Personal,"Box 2, Folder 74",https://digital.library.pitt.edu/islandora/object/pitt:31735064607645
pitt:31735064607645,31735064607645,83816,9,students_documents_export/images/31735064607645_009.jpg,2500,2330,Owner: 林萬開 [LIN Wankai] -- Personal,1891,,Personal,"Box 2, Folder 74",https://digital.library.pitt.edu/islandora/object/pitt:31735064607645
pitt:31735064607645,31735064607645,83816,10,students_documents_export/images/31735064607645_010.jpg,2500,2342,Owner: 林萬開 [LIN Wankai] -- Personal,1891,,Personal,"Box 2, Folder 74",https://digital.library.pitt.edu/islandora/object/pitt:31735064607645
pitt:31735064607678,31735064607678,83819,1,students_documents_export/images/31735064607678_001.jpg,2500,1182,Seller: 應梓龍 [YING Zilong] -- Buyer: 劉繼伍 [LIU Jiwu] -- Place: 福建省建陽縣 [Fujian Sheng Jianyang Xian] -- Government,1782,福建省建陽縣,Government,"Box 1, Folder 9",https://digital.library.pitt.edu/islandora/object/pitt:31735064607678
pitt:31735064607686,31735064607686,83820,1,students_documents_export/images/31735064607686_001.jpg,2500,1227,Seller: 開保 [Kaibao] -- Government,1910,,Government,"Box 2, Folder 91",https://digital.library.pitt.edu/islandora/object/pitt:31735064607686
pitt:31735064607710,31735064607710,83823,1,students_documents_export/images/31735064607710_001.jpg,2500,1225,Owner: 林可昌 [LIN Kechang] and 林可淦 [LIN Kegan] -- Personal,1932,,Personal,"Box 3, Folder 146",https://digital.library.pitt.edu/islandora/object/pitt:31735064607710
pitt:31735064607744,31735064607744,83826,1,students_documents_export/images/31735064607744_001.jpg,2253,2500,Seller: 王聯鄧 [WANG Liandeng] -- Buyer: 林萬開 [LIN Wankai] -- Place: 福建省閩侯縣 [Fujian Sheng Minhou Xian] -- Government,1913,福建省閩侯縣,Government,"Box 2, Folder 95",https://digital.library.pitt.edu/islandora/object/pitt:31735064607744
pitt:31735064607777,31735064607777,83829,1,students_documents_export/images/31735064607777_001.jpg,2500,1234,Seller: 林久興 [LIN Jiuxing] 林可鑒 [LIN Kejian] and 林久澍 [LIN Jiushu]-- Personal,1924,,Personal,"Box 3, Folder 120",https://digital.library.pitt.edu/islandora/object/pitt:31735064607777
pitt:31735064607785,31735064607785,83830,1,students_documents_export/images/31735064607785_001.jpg,2500,1264,Seller: 林應香 [LIN Yingxiang] -- Buyer: 林萬開 [LIN Wankai] -- Place: 福建省閩侯縣 [Fujian Sheng Minhou Xian] -- Government,1875,福建省閩侯縣,Government,"Box 2, Folder 54",https://digital.library.pitt.edu/islandora/object/pitt:31735064607785
pitt:31735064607801,31735064607801,83833,1,students_documents_export/images/31735064607801_001.jpg,2500,1240,Seller: 林春發 [LIN Chunfa] -- Buyer: 林萬開 [LIN Wankai] -- Place: 福建省閩侯縣 [Fujian Sheng Minhou Xian] -- Government,1881,福建省閩侯縣,Government,"Box 2, Folder 57",https://digital.library.pitt.edu/islandora/object/pitt:31735064607801
pitt:31735064607835,31735064607835,83836,1,students_documents_export/images/31735064607835_001.jpg,2500,1168,Seller: 楊鵬超（出租） [YANG Pengchao] -- Buyer: 林 [LIN] -- Place: 福建省侯官縣 [Fujian Sheng Houguan Xian] -- Government,1866/1871,福建省侯官縣,Government,"Box 1, Folder 42",https://digital.library.pitt.edu/islandora/object/pitt:31735064607835
pitt:31735064607835,31735064607835,83836,2,students_documents_export/images/31735064607835_002.jpg,1478,2500,Seller: 楊鵬超（出租） [YANG Pengchao] -- Buyer: 林 [LIN] -- Place: 福建省侯官縣 [Fujian Sheng Houguan Xian] -- Government,1866/1871,福建省侯官縣,Government,"Box 1, Folder 42",https://digital.library.pitt.edu/islandora/object/pitt:31735064607835
pitt:31735064607868,31735064607868,83839,1,students_documents_export/images/31735064607868_001.jpg,2500,1119,Seller: 林世奕 [LIN Shiyi] -- Buyer: 林 [LIN] -- Place: 福建省侯官縣 [Fujian Sheng Houguan Xian] -- Personal,1850,福建省侯官縣,Personal,"Box 1, Folder 33",https://digital.library.pitt.edu/islandora/object/pitt:31735064607868
pitt:31735064607876,31735064607876,83840,1,students_documents_export/images/31735064607876_001.jpg,1388,2500,Seller: 林萬開 [LIN Wankai] -- Buyer: 林秋溥 [LIN Qiupu] -- Place: 福建省侯官縣 [Fujian Sheng Houguan Xian] -- Government,1888,福建省侯官縣,Government,"Box 2, Folder 67",https://digital.library.pitt.edu/islandora/object/pitt:31735064607876
pitt:31735066237342,31735066237342,83843,1,students_documents_export/images/31735066237342_001.jpg,2500,1528,Owner: 張蘭芬 [ZHANG Lanfen] --Seller: 張昌暢 [ZHANG Changchang] -- Buyer: （張）邦昔 [(ZHANG) Bangxi] -- Place: 福建省屏南縣和古田縣 [Fujian Sheng Pingnan Xian and Gutian Xian] -- Government,1870/1907,福建省屏南縣和古田縣,Government,"Box 1, Folder 49",https://digital.library.pitt.edu/islandora/object/pitt:31735066237342
pitt:31735066237342,31735066237342,83843,2,students_documents_export/images/31735066237342_002.jpg,1311,2500,Owner: 張蘭芬 [ZHANG Lanfen] --Seller: 張昌暢 [ZHANG Changchang] -- Buyer: （張）邦昔 [(ZHANG) Bangxi] -- Place: 福建省屏南縣和古田縣 [Fujian Sheng Pingnan Xian and Gutian Xian] -- Government,1870/1907,福建省屏南縣和古田縣,Government,"Box 1, Folder 49",https://digital.library.pitt.edu/islandora/object/pitt:31735066237342
pitt:31735066237391,31735066237391,83849,1,students_documents_export/images/31735066237391_001.jpg,2500,1865,Seller: ?輝煌 [? Huihuang] -- Buyer: 蘇坐標 [SU Zuobiao] -- Place: 福建省屏南縣 [Fujian Sheng Pingnan Xian] -- Government,1869,福建省屏南縣,Government,"Box 1, Folder 46",https://digital.library.pitt.edu/islandora/object/pitt:31735066237391
pitt:31735066237391,31735066237391,83849,2,students_documents_export/images/31735066237391_002.jpg,2500,1906,Seller: ?輝煌 [? Huihuang] -- Buyer: 蘇坐標 [SU Zuobiao] -- Place: 福建省屏南縣 [Fujian Sheng Pingnan Xian] -- Government,1869,福建省屏南縣,Government,"Box 1, Folder 46",https://digital.library.pitt.edu/islandora/object/pitt:31735066237391
pitt:31735066237409,31735066237409,83850,1,students_documents_export/images/31735066237409_001.jpg,1518,2500,Owner: 羅? [LUO ?] -- Place: 安徽省歙縣 [Anhui Sheng She Xian] -- Government,,安徽省歙縣,Government,"Box 1, Folder 17",https://digital.library.pitt.edu/islandora/object/pitt:31735066237409
pitt:31735066237433,31735066237433,83853,1,students_documents_export/images/31735066237433_001.jpg,2308,2500,Owner: 盧亨雲 [LU Hengyun] -- Place: 福建省古田縣 [Fujian Sheng Gutian Xian] -- Government,1928,福建省古田縣,Government,"Box 3, Folder 137",https://digital.library.pitt.edu/islandora/object/pitt:31735066237433
pitt:31735066237433,31735066237433,83853,2,students_documents_export/images/31735066237433_002.jpg,1612,2500,Owner: 盧亨雲 [LU Hengyun] -- Place: 福建省古田縣 [Fujian Sheng Gutian Xian] -- Government,1928,福建省古田縣,Government,"Box 3, Folder 137",https://digital.library.pitt.edu/islandora/object/pitt:31735066237433
pitt:31735066237466,31735066237466,83856,1,students_documents_export/images/31735066237466_001.jpg,2500,1261,Seller: 陳如良 [CHEN Ruliang] -- Buyer: （陈？）謀丁 [(CHEN?) Mouding] -- Place: 福建省古田縣 [Fujian Sheng Gutian Xian] -- Government,,福建省古田縣,Government,"Box 3, Folder 153",https://digital.library.pitt.edu/islandora/object/pitt:31735066237466
pitt:31735066237466,31735066237466,83856,2,students_documents_export/images/31735066237466_002.jpg,1576,2500,Seller: 陳如良 [CHEN Ruliang] -- Buyer: （陈？）謀丁 [(CHEN?) Mouding] -- Place: 福建省古田縣 [Fujian Sheng Gutian Xian] -- Government,,福建省古田縣,Government,"Box 3, Folder 153",https://digital.library.pitt.edu/islandora/object/pitt:31735066237466
pitt:31735066237490,31735066237490,83859,1,students_documents_export/images/31735066237490_001.jpg,2500,1835,Seller: 郭宗仲 [GUO Zongzhong] -- Buyer: 王齊發 [WANG Qifa] -- Personal,1906,,Personal,"Box 2, Folder 88",https://digital.library.pitt.edu/islandora/object/pitt:31735066237490
pitt:31735066237508,31735066237508,83860,1,students_documents_export/images/31735066237508_001.jpg,2500,1739,Owner: 謝祀初 [XIE Qichu] -- Place: 福建省古田縣 [Fujian Sheng Gutian Xian] -- Government,1921,福建省古田縣,Government,"Box 3, Folder 115",https://digital.library.pitt.edu/islandora/object/pitt:31735066237508
pitt:31735066237524,31735066237524,83863,1,students_documents_export/images/31735066237524_001.jpg,2500,1794,Owner: 葉克培 [YE Kepei] -- Place: 福建省古田縣 [Fujian Sheng Gutian Xian] -- Government,1933,福建省古田縣,Government,"Box 3, Folder 149",https://digital.library.pitt.edu/islandora/object/pitt:31735066237524
pitt:31735066237557,31735066237557,83866,1,students_documents_export/images/31735066237557_001.jpg,2500,1054,Owner: 金寬英 [JIN Kuanying] -- Seller: 張文楚 [ZHANG Wenchu] -- Buyer: 金寬英 [JIN Kuanying] -- Place: 福建省永泰縣 [Fujian Sheng Yongtai Xian] -- Government,1903/1943,福建省永泰縣,Government,"Box 2, Folder 85",https://digital.library.pitt.edu/islandora/object/pitt:31735066237557
pitt:31735066237557,31735066237557,83866,2,students_documents_export/images/31735066237557_002.jpg,1649,2500,Owner: 金寬英 [JIN Kuanying] -- Seller: 張文楚 [ZHANG Wenchu] -- Buyer: 金寬英 [JIN Kuanying] -- Place: 福建省永泰縣 [Fujian Sheng Yongtai Xian] -- Government,1903/1943,福建省永泰縣,Government,"Box 2, Folder 85",https://digital.library.pitt.edu/islandora/object/pitt:31735066237557
pitt:31735066237581,31735066237581,83869,1,students_documents_export/images/31735066237581_001.jpg,1250,2500,Owner: 黃遠容 [HUANG Yuanrong] 黃同華 [HUANGTonghua] 黃同德 [HUANG Tongde] 黃國興[HUANG Guoxing] and 黃國義[HUANG Guoyi] -- Place: 福建省永泰縣 [Fujian Sheng Yongtai Xian] -- Government,1917/1926,福建省永泰縣,Government,"Box 2, Folder 107",https://digital.library.pitt.edu/islandora/object/pitt:31735066237581
pitt:31735066237581,31735066237581,83869,2,students_documents_export/images/31735066237581_002.jpg,1207,2500,Owner: 黃遠容 [HUANG Yuanrong] 黃同華 [HUANGTonghua] 黃同德 [HUANG Tongde] 黃國興[HUANG Guoxing] and 黃國義[HUANG Guoyi] -- Place: 福建省永泰縣 [Fujian Sheng Yongtai Xian] -- Government,1917/1926,福建省永泰縣,Government,"Box 2, Folder 107",https://digital.library.pitt.edu/islandora/object/pitt:31735066237581
pitt:31735066237581,31735066237581,83869,3,students_documents_export/images/31735066237581_003.jpg,1225,2500,Owner: 黃遠容 [HUANG Yuanrong] 黃同華 [HUANGTonghua] 黃同德 [HUANG Tongde] 黃國興[HUANG Guoxing] and 黃國義[HUANG Guoyi] -- Place: 福建省永泰縣 [Fujian Sheng Yongtai Xian] -- Government,1917/1926,福建省永泰縣,Government,"Box 2, Folder 107",https://digital.library.pitt.edu/islandora/object/pitt:31735066237581
pitt:31735066237581,31735066237581,83869,4,students_documents_export/images/31735066237581_004.jpg,1304,2500,Owner: 黃遠容 [HUANG Yuanrong] 黃同華 [HUANGTonghua] 黃同德 [HUANG Tongde] 黃國興[HUANG Guoxing] and 黃國義[HUANG Guoyi] -- Place: 福建省永泰縣 [Fujian Sheng Yongtai Xian] -- Government,1917/1926,福建省永泰縣,Government,"Box 2, Folder 107",https://digital.library.pitt.edu/islandora/object/pitt:31735066237581
pitt:31735066237581,31735066237581,83869,5,students_documents_export/images/31735066237581_005.jpg,1285,2500,Owner: 黃遠容 [HUANG Yuanrong] 黃同華 [HUANGTonghua] 黃同德 [HUANG Tongde] 黃國興[HUANG Guoxing] and 黃國義[HUANG Guoyi] -- Place: 福建省永泰縣 [Fujian Sheng Yongtai Xian] -- Government,1917/1926,福建省永泰縣,Government,"Box 2, Folder 107",https://digital.library.pitt.edu/islandora/object/pitt:31735066237581
pitt:31735066237581,31735066237581,83869,6,students_documents_export/images/31735066237581_006.jpg,1316,2500,Owner: 黃遠容 [HUANG Yuanrong] 黃同華 [HUANGTonghua] 黃同德 [HUANG Tongde] 黃國興[HUANG Guoxing] and 黃國義[HUANG Guoyi] -- Place: 福建省永泰縣 [Fujian Sheng Yongtai Xian] -- Government,1917/1926,福建省永泰縣,Government,"Box 2, Folder 107",https://digital.library.pitt.edu/islandora/object/pitt:31735066237581
pitt:31735066237581,31735066237581,83869,7,students_documents_export/images/31735066237581_007.jpg,1289,2500,Owner: 黃遠容 [HUANG Yuanrong] 黃同華 [HUANGTonghua] 黃同德 [HUANG Tongde] 黃國興[HUANG Guoxing] and 黃國義[HUANG Guoyi] -- Place: 福建省永泰縣 [Fujian Sheng Yongtai Xian] -- Government,1917/1926,福建省永泰縣,Government,"Box 2, Folder 107",https://digital.library.pitt.edu/islandora/object/pitt:31735066237581
pitt:31735066237581,31735066237581,83869,8,students_documents_export/images/31735066237581_008.jpg,1287,2500,Owner: 黃遠容 [HUANG Yuanrong] 黃同華 [HUANGTonghua] 黃同德 [HUANG Tongde] 黃國興[HUANG Guoxing] and 黃國義[HUANG Guoyi] -- Place: 福建省永泰縣 [Fujian Sheng Yongtai Xian] -- Government,1917/1926,福建省永泰縣,Government,"Box 2, Folder 107",https://digital.library.pitt.edu/islandora/object/pitt:31735066237581
pitt:31735066237581,31735066237581,83869,9,students_documents_export/images/31735066237581_009.jpg,1260,2500,Owner: 黃遠容 [HUANG Yuanrong] 黃同華 [HUANGTonghua] 黃同德 [HUANG Tongde] 黃國興[HUANG Guoxing] and 黃國義[HUANG Guoyi] -- Place: 福建省永泰縣 [Fujian Sheng Yongtai Xian] -- Government,1917/1926,福建省永泰縣,Government,"Box 2, Folder 107",https://digital.library.pitt.edu/islandora/object/pitt:31735066237581
pitt:31735066237581,31735066237581,83869,10,students_documents_export/images/31735066237581_010.jpg,1269,2500,Owner: 黃遠容 [HUANG Yuanrong] 黃同華 [HUANGTonghua] 黃同德 [HUANG Tongde] 黃國興[HUANG Guoxing] and 黃國義[HUANG Guoyi] -- Place: 福建省永泰縣 [Fujian Sheng Yongtai Xian] -- Government,1917/1926,福建省永泰縣,Government,"Box 2, Folder 107",https://digital.library.pitt.edu/islandora/object/pitt:31735066237581
pitt:31735066237581,31735066237581,83869,11,students_documents_export/images/31735066237581_011.jpg,1260,2500,Owner: 黃遠容 [HUANG Yuanrong] 黃同華 [HUANGTonghua] 黃同德 [HUANG Tongde] 黃國興[HUANG Guoxing] and 黃國義[HUANG Guoyi] -- Place: 福建省永泰縣 [Fujian Sheng Yongtai Xian] -- Government,1917/1926,福建省永泰縣,Government,"Box 2, Folder 107",https://digital.library.pitt.edu/islandora/object/pitt:31735066237581
pitt:31735066237581,31735066237581,83869,12,students_documents_export/images/31735066237581_012.jpg,1285,2500,Owner: 黃遠容 [HUANG Yuanrong] 黃同華 [HUANGTonghua] 黃同德 [HUANG Tongde] 黃國興[HUANG Guoxing] and 黃國義[HUANG Guoyi] -- Place: 福建省永泰縣 [Fujian Sheng Yongtai Xian] -- Government,1917/1926,福建省永泰縣,Government,"Box 2, Folder 107",https://digital.library.pitt.edu/islandora/object/pitt:31735066237581
pitt:31735066237581,31735066237581,83869,13,students_documents_export/images/31735066237581_013.jpg,1260,2500,Owner: 黃遠容 [HUANG Yuanrong] 黃同華 [HUANGTonghua] 黃同德 [HUANG Tongde] 黃國興[HUANG Guoxing] and 黃國義[HUANG Guoyi] -- Place: 福建省永泰縣 [Fujian Sheng Yongtai Xian] -- Government,1917/1926,福建省永泰縣,Government,"Box 2, Folder 107",https://digital.library.pitt.edu/islandora/object/pitt:31735066237581
pitt:31735066237581,31735066237581,83869,14,students_documents_export/images/31735066237581_014.jpg,1319,2500,Owner: 黃遠容 [HUANG Yuanrong] 黃同華 [HUANGTonghua] 黃同德 [HUANG Tongde] 黃國興[HUANG Guoxing] and 黃國義[HUANG Guoyi] -- Place: 福建省永泰縣 [Fujian Sheng Yongtai Xian] -- Government,1917/1926,福建省永泰縣,Government,"Box 2, Folder 107",https://digital.library.pitt.edu/islandora/object/pitt:31735066237581
pitt:31735066237581,31735066237581,83869,15,students_documents_export/images/31735066237581_015.jpg,1260,2500,Owner: 黃遠容 [HUANG Yuanrong] 黃同華 [HUANGTonghua] 黃同德 [HUANG Tongde] 黃國興[HUANG Guoxing] and 黃國義[HUANG Guoyi] -- Place: 福建省永泰縣 [Fujian Sheng Yongtai Xian] -- Government,1917/1926,福建省永泰縣,Government,"Box 2, Folder 107",https://digital.library.pitt.edu/islandora/object/pitt:31735066237581
pitt:31735066237581,31735066237581,83869,16,students_documents_export/images/31735066237581_016.jpg,1213,2500,Owner: 黃遠容 [HUANG Yuanrong] 黃同華 [HUANGTonghua] 黃同德 [HUANG Tongde] 黃國興[HUANG Guoxing] and 黃國義[HUANG Guoyi] -- Place: 福建省永泰縣 [Fujian Sheng Yongtai Xian] -- Government,1917/1926,福建省永泰縣,Government,"Box 2, Folder 107",https://digital.library.pitt.edu/islandora/object/pitt:31735066237581
pitt:31735066237581,31735066237581,83869,17,students_documents_export/images/31735066237581_017.jpg,1260,2500,Owner: 黃遠容 [HUANG Yuanrong] 黃同華 [HUANGTonghua] 黃同德 [HUANG Tongde] 黃國興[HUANG Guoxing] and 黃國義[HUANG Guoyi] -- Place: 福建省永泰縣 [Fujian Sheng Yongtai Xian] -- Government,1917/1926,福建省永泰縣,Government,"Box 2, Folder 107",https://digital.library.pitt.edu/islandora/object/pitt:31735066237581
pitt:31735066237581,31735066237581,83869,18,students_documents_export/images/31735066237581_018.jpg,1269,2500,Owner: 黃遠容 [HUANG Yuanrong] 黃同華 [HUANGTonghua] 黃同德 [HUANG Tongde] 黃國興[HUANG Guoxing] and 黃國義[HUANG Guoyi] -- Place: 福建省永泰縣 [Fujian Sheng Yongtai Xian] -- Government,1917/1926,福建省永泰縣,Government,"Box 2, Folder 107",https://digital.library.pitt.edu/islandora/object/pitt:31735066237581
pitt:31735066237581,31735066237581,83869,19,students_documents_export/images/31735066237581_019.jpg,1269,2500,Owner: 黃遠容 [HUANG Yuanrong] 黃同華 [HUANGTonghua] 黃同德 [HUANG Tongde] 黃國興[HUANG Guoxing] and 黃國義[HUANG Guoyi] -- Place: 福建省永泰縣 [Fujian Sheng Yongtai Xian] -- Government,1917/1926,福建省永泰縣,Government,"Box 2, Folder 107",https://digital.library.pitt.edu/islandora/object/pitt:31735066237581
pitt:31735066237581,31735066237581,83869,20,students_documents_export/images/31735066237581_020.jpg,1275,2500,Owner: 黃遠容 [HUANG Yuanrong] 黃同華 [HUANGTonghua] 黃同德 [HUANG Tongde] 黃國興[HUANG Guoxing] and 黃國義[HUANG Guoyi] -- Place: 福建省永泰縣 [Fujian Sheng Yongtai Xian] -- Government,1917/1926,福建省永泰縣,Government,"Box 2, Folder 107",https://digital.library.pitt.edu/islandora/object/pitt:31735066237581
pitt:31735066237581,31735066237581,83869,21,students_documents_export/images/31735066237581_021.jpg,1269,2500,Owner: 黃遠容 [HUANG Yuanrong] 黃同華 [HUANGTonghua] 黃同德 [HUANG Tongde] 黃國興[HUANG Guoxing] and 黃國義[HUANG Guoyi] -- Place: 福建省永泰縣 [Fujian Sheng Yongtai Xian] -- Government,1917/1926,福建省永泰縣,Government,"Box 2, Folder 107",https://digital.library.pitt.edu/islandora/object/pitt:31735066237581
pitt:31735066237581,31735066237581,83869,22,students_documents_export/images/31735066237581_022.jpg,1244,2500,Owner: 黃遠容 [HUANG Yuanrong] 黃同華 [HUANGTonghua] 黃同德 [HUANG Tongde] 黃國興[HUANG Guoxing] and 黃國義[HUANG Guoyi] -- Place: 福建省永泰縣 [Fujian Sheng Yongtai Xian] -- Government,1917/1926,福建省永泰縣,Government,"Box 2, Folder 107",https://digital.library.pitt.edu/islandora/object/pitt:31735066237581
pitt:31735066237581,31735066237581,83869,23,students_documents_export/images/31735066237581_023.jpg,1275,2500,Owner: 黃遠容 [HUANG Yuanrong] 黃同華 [HUANGTonghua] 黃同德 [HUANG Tongde] 黃國興[HUANG Guoxing] and 黃國義[HUANG Guoyi] -- Place: 福建省永泰縣 [Fujian Sheng Yongtai Xian] -- Government,1917/1926,福建省永泰縣,Government,"Box 2, Folder 107",https://digital.library.pitt.edu/islandora/object/pitt:31735066237581
pitt:31735066237581,31735066237581,83869,24,students_documents_export/images/31735066237581_024.jpg,1237,2500,Owner: 黃遠容 [HUANG Yuanrong] 黃同華 [HUANGTonghua] 黃同德 [HUANG Tongde] 黃國興[HUANG Guoxing] and 黃國義[HUANG Guoyi] -- Place: 福建省永泰縣 [Fujian Sheng Yongtai Xian] -- Government,1917/1926,福建省永泰縣,Government,"Box 2, Folder 107",https://digital.library.pitt.edu/islandora/object/pitt:31735066237581
pitt:31735066237581,31735066237581,83869,25,students_documents_export/images/31735066237581_025.jpg,1195,2500,Owner: 黃遠容 [HUANG Yuanrong] 黃同華 [HUANGTonghua] 黃同德 [HUANG Tongde] 黃國興[HUANG Guoxing] and 黃國義[HUANG Guoyi] -- Place: 福建省永泰縣 [Fujian Sheng Yongtai Xian] -- Government,1917/1926,福建省永泰縣,Government,"Box 2, Folder 107",https://digital.library.pitt.edu/islandora/object/pitt:31735066237581
pitt:31735066237599,31735066237599,83870,1,students_documents_export/images/31735066237599_001.jpg,1234,2500,Owner: 黃乞容等 [HUANG Qirong] etc. -- Place: 福建省永泰縣 [Fujian Sheng Yongtai Xian] -- Government,1923/1930,福建省永泰縣,Government,"Box 3, Folder 118",https://digital.library.pitt.edu/islandora/object/pitt:31735066237599
pitt:31735066237599,31735066237599,83870,2,students_documents_export/images/31735066237599_002.jpg,1250,2500,Owner: 黃乞容等 [HUANG Qirong] etc. -- Place: 福建省永泰縣 [Fujian Sheng Yongtai Xian] -- Government,1923/1930,福建省永泰縣,Government,"Box 3, Folder 118",https://digital.library.pitt.edu/islandora/object/pitt:31735066237599
pitt:31735066237599,31735066237599,83870,3,students_documents_export/images/31735066237599_003.jpg,1234,2500,Owner: 黃乞容等 [HUANG Qirong] etc. -- Place: 福建省永泰縣 [Fujian Sheng Yongtai Xian] -- Government,1923/1930,福建省永泰縣,Government,"Box 3, Folder 118",https://digital.library.pitt.edu/islandora/object/pitt:31735066237599
pitt:31735066237599,31735066237599,83870,4,students_documents_export/images/31735066237599_004.jpg,1278,2500,Owner: 黃乞容等 [HUANG Qirong] etc. -- Place: 福建省永泰縣 [Fujian Sheng Yongtai Xian] -- Government,1923/1930,福建省永泰縣,Government,"Box 3, Folder 118",https://digital.library.pitt.edu/islandora/object/pitt:31735066237599
pitt:31735066237599,31735066237599,83870,5,students_documents_export/images/31735066237599_005.jpg,1244,2500,Owner: 黃乞容等 [HUANG Qirong] etc. -- Place: 福建省永泰縣 [Fujian Sheng Yongtai Xian] -- Government,1923/1930,福建省永泰縣,Government,"Box 3, Folder 118",https://digital.library.pitt.edu/islandora/object/pitt:31735066237599
pitt:31735066237599,31735066237599,83870,6,students_documents_export/images/31735066237599_006.jpg,1266,2500,Owner: 黃乞容等 [HUANG Qirong] etc. -- Place: 福建省永泰縣 [Fujian Sheng Yongtai Xian] -- Government,1923/1930,福建省永泰縣,Government,"Box 3, Folder 118",https://digital.library.pitt.edu/islandora/object/pitt:31735066237599
pitt:31735066237599,31735066237599,83870,7,students_documents_export/images/31735066237599_007.jpg,1256,2500,Owner: 黃乞容等 [HUANG Qirong] etc. -- Place: 福建省永泰縣 [Fujian Sheng Yongtai Xian] -- Government,1923/1930,福建省永泰縣,Government,"Box 3, Folder 118",https://digital.library.pitt.edu/islandora/object/pitt:31735066237599
pitt:31735066237599,31735066237599,83870,8,students_documents_export/images/31735066237599_008.jpg,1266,2500,Owner: 黃乞容等 [HUANG Qirong] etc. -- Place: 福建省永泰縣 [Fujian Sheng Yongtai Xian] -- Government,1923/1930,福建省永泰縣,Government,"Box 3, Folder 118",https://digital.library.pitt.edu/islandora/object/pitt:31735066237599
pitt:31735066237623,31735066237623,83873,1,students_documents_export/images/31735066237623_001.jpg,1247,2500,Owner: 黃同華 [HUANG Tonghua] -- Place: 福建省永泰縣 [Fujian Sheng Yongtai Xian] -- Government,1920/1926,福建省永泰縣,Government,"Box 3, Folder 112",https://digital.library.pitt.edu/islandora/object/pitt:31735066237623
pitt:31735066237623,31735066237623,83873,2,students_documents_export/images/31735066237623_002.jpg,1238,2500,Owner: 黃同華 [HUANG Tonghua] -- Place: 福建省永泰縣 [Fujian Sheng Yongtai Xian] -- Government,1920/1926,福建省永泰縣,Government,"Box 3, Folder 112",https://digital.library.pitt.edu/islandora/object/pitt:31735066237623
pitt:31735066237623,31735066237623,83873,3,students_documents_export/images/31735066237623_003.jpg,1244,2500,Owner: 黃同華 [HUANG Tonghua] -- Place: 福建省永泰縣 [Fujian Sheng Yongtai Xian] -- Government,1920/1926,福建省永泰縣,Government,"Box 3, Folder 112",https://digital.library.pitt.edu/islandora/object/pitt:31735066237623
pitt:31735066237623,31735066237623,83873,4,students_documents_export/images/31735066237623_004.jpg,1247,2500,Owner: 黃同華 [HUANG Tonghua] -- Place: 福建省永泰縣 [Fujian Sheng Yongtai Xian] -- Government,1920/1926,福建省永泰縣,Government,"Box 3, Folder 112",https://digital.library.pitt.edu/islandora/object/pitt:31735066237623
pitt:31735066237623,31735066237623,83873,5,students_documents_export/images/31735066237623_005.jpg,1229,2500,Owner: 黃同華 [HUANG Tonghua] -- Place: 福建省永泰縣 [Fujian Sheng Yongtai Xian] -- Government,1920/1926,福建省永泰縣,Government,"Box 3, Folder 112",https://digital.library.pitt.edu/islandora/object/pitt:31735066237623
pitt:31735066237656,31735066237656,83876,1,students_documents_export/images/31735066237656_001.jpg,931,2500,Owner: 陳雅 [CHEN Ya] 陳道書 [CHEN Daoshu] 陳建璽 [CHEN Jianxi] and 陳成嘉[CHEN Chengjia]-- Place: 福建省閩縣 [Fujian Sheng Min Xian] -- Government,1890/1892,福建省閩縣,Government,"Box 2, Folder 73",https://digital.library.pitt.edu/islandora/object/pitt:31735066237656
pitt:31735066237656,31735066237656,83876,2,students_documents_export/images/31735066237656_002.jpg,938,2500,Owner: 陳雅 [CHEN Ya] 陳道書 [CHEN Daoshu] 陳建璽 [CHEN Jianxi] and 陳成嘉[CHEN Chengjia]-- Place: 福建省閩縣 [Fujian Sheng Min Xian] -- Government,1890/1892,福建省閩縣,Government,"Box 2, Folder 73",https://digital.library.pitt.edu/islandora/object/pitt:31735066237656
pitt:31735066237656,31735066237656,83876,3,students_documents_export/images/31735066237656_003.jpg,947,2500,Owner: 陳雅 [CHEN Ya] 陳道書 [CHEN Daoshu] 陳建璽 [CHEN Jianxi] and 陳成嘉[CHEN Chengjia]-- Place: 福建省閩縣 [Fujian Sheng Min Xian] -- Government,1890/1892,福建省閩縣,Government,"Box 2, Folder 73",https://digital.library.pitt.edu/islandora/object/pitt:31735066237656
pitt:31735066237656,31735066237656,83876,4,students_documents_export/images/31735066237656_004.jpg,926,2500,Owner: 陳雅 [CHEN Ya] 陳道書 [CHEN Daoshu] 陳建璽 [CHEN Jianxi] and 陳成嘉[CHEN Chengjia]-- Place: 福建省閩縣 [Fujian Sheng Min Xian] -- Government,1890/1892,福建省閩縣,Government,"Box 2, Folder 73",https://digital.library.pitt.edu/islandora/object/pitt:31735066237656
pitt:31735066237656,31735066237656,83876,5,students_documents_export/images/31735066237656_005.jpg,899,2500,Owner: 陳雅 [CHEN Ya] 陳道書 [CHEN Daoshu] 陳建璽 [CHEN Jianxi] and 陳成嘉[CHEN Chengjia]-- Place: 福建省閩縣 [Fujian Sheng Min Xian] -- Government,1890/1892,福建省閩縣,Government,"Box 2, Folder 73",https://digital.library.pitt.edu/islandora/object/pitt:31735066237656
pitt:31735066237656,31735066237656,83876,6,students_documents_export/images/31735066237656_006.jpg,940,2500,Owner: 陳雅 [CHEN Ya] 陳道書 [CHEN Daoshu] 陳建璽 [CHEN Jianxi] and 陳成嘉[CHEN Chengjia]-- Place: 福建省閩縣 [Fujian Sheng Min Xian] -- Government,1890/1892,福建省閩縣,Government,"Box 2, Folder 73",https://digital.library.pitt.edu/islandora/object/pitt:31735066237656
pitt:31735066237656,31735066237656,83876,7,students_documents_export/images/31735066237656_007.jpg,980,2500,Owner: 陳雅 [CHEN Ya] 陳道書 [CHEN Daoshu] 陳建璽 [CHEN Jianxi] and 陳成嘉[CHEN Chengjia]-- Place: 福建省閩縣 [Fujian Sheng Min Xian] -- Government,1890/1892,福建省閩縣,Government,"Box 2, Folder 73",https://digital.library.pitt.edu/islandora/object/pitt:31735066237656
pitt:31735066237656,31735066237656,83876,8,students_documents_export/images/31735066237656_008.jpg,965,2500,Owner: 陳雅 [CHEN Ya] 陳道書 [CHEN Daoshu] 陳建璽 [CHEN Jianxi] and 陳成嘉[CHEN Chengjia]-- Place: 福建省閩縣 [Fujian Sheng Min Xian] -- Government,1890/1892,福建省閩縣,Government,"Box 2, Folder 73",https://digital.library.pitt.edu/islandora/object/pitt:31735066237656
pitt:31735064607421,31735064607421,83792,1,students_documents_export/images/31735064607421_001.jpg,2500,947,Seller: 張學車 [ZHANG Xueche] -- Buyer: 陳書寶 [CHEN Shubao] and 張學車 [ZHANG Xueche] -- Place: 福建省福清縣 [Fujian Sheng Fuqing Xian] -- Government,1946/1951,福建省福清縣,Government,"Box 4, Folder 173",https://digital.library.pitt.edu/islandora/object/pitt:31735064607421
pitt:31735064607454,31735064607454,83795,1,students_documents_export/images/31735064607454_001.jpg,2500,1811,Seller: 张华富 [ZHANG Huafu] -- Personal,1862,,Personal,"Box 1, Folder 36",https://digital.library.pitt.edu/islandora/object/pitt:31735064607454
pitt:31735064607488,31735064607488,83798,1,students_documents_export/images/31735064607488_001.jpg,2500,1195,Seller: 吳開成 [WU Kaicheng] -- Buyer: 陳氏 [Chenshi] -- Place: 福建省閩邑（縣） [Fujian Sheng Min Xian] -- Government,1890,福建省閩邑（縣）,Government,"Box 2, Folder 71",https://digital.library.pitt.edu/islandora/object/pitt:31735064607488
pitt:31735064607512,31735064607512,83802,1,students_documents_export/images/31735064607512_001.jpg,2500,1301,Seller: 王三妹 [WANG Sanmei] -- Buyer: 陳軍漢 [CHEN Junhan] -- Place: 福建省閩侯縣 [Fujian Sheng Minhou Xian] -- Government,1924,福建省閩侯縣,Government,"Box 3, Folder 119",https://digital.library.pitt.edu/islandora/object/pitt:31735064607512
pitt:31735064607512,31735064607512,83802,2,students_documents_export/images/31735064607512_002.jpg,1124,2500,Seller: 王三妹 [WANG Sanmei] -- Buyer: 陳軍漢 [CHEN Junhan] -- Place: 福建省閩侯縣 [Fujian Sheng Minhou Xian] -- Government,1924,福建省閩侯縣,Government,"Box 3, Folder 119",https://digital.library.pitt.edu/islandora/object/pitt:31735064607512
pitt:31735064607546,31735064607546,83805,1,students_documents_export/images/31735064607546_001.jpg,2500,1339,Owner: 黃毓扆 [HUANG Yuyi] -- Place: 福建省閩清縣 [Fujian Sheng Minqing Xian] -- Government,1760/1767,福建省閩清縣,Government,"Box 1, Folder 4",https://digital.library.pitt.edu/islandora/object/pitt:31735064607546
pitt:31735064607546,31735064607546,83805,2,students_documents_export/images/31735064607546_002.jpg,1937,2500,Owner: 黃毓扆 [HUANG Yuyi] -- Place: 福建省閩清縣 [Fujian Sheng Minqing Xian] -- Government,1760/1767,福建省閩清縣,Government,"Box 1, Folder 4",https://digital.library.pitt.edu/islandora/object/pitt:31735064607546
pitt:31735064607579,31735064607579,83808,1,students_documents_export/images/31735064607579_001.jpg,1601,2500,Owner: 吳秉鑒 [WU Bingjian] -- Seller: 吳秉鑒 [WU Bingjian] -- Buyer: 謝先經 [XIE Xianjing] -- Place: 福建省閩縣 [Fujian Sheng Min Xian] -- Government,1805/1816,福建省閩縣,Government,"Box 1, Folder 16",https://digital.library.pitt.edu/islandora/object/pitt:31735064607579
pitt:31735064607579,31735064607579,83808,2,students_documents_export/images/31735064607579_002.jpg,1490,2500,Owner: 吳秉鑒 [WU Bingjian] -- Seller: 吳秉鑒 [WU Bingjian] -- Buyer: 謝先經 [XIE Xianjing] -- Place: 福建省閩縣 [Fujian Sheng Min Xian] -- Government,1805/1816,福建省閩縣,Government,"Box 1, Folder 16",https://digital.library.pitt.edu/islandora/object/pitt:31735064607579
pitt:31735064607611,31735064607611,83812,1,students_documents_export/images/31735064607611_001.jpg,2500,1901,Seller: 張銓銓 [ZHANG Quanquan] -- Buyer: 鄒道明 [ZOU Daoming] -- Place: 福建省閩侯縣 [Fujian Sheng Minhou Xian] -- Government,1925,福建省閩侯縣,Government,"Box 3, Folder 123",https://digital.library.pitt.edu/islandora/object/pitt:31735064607611
pitt:31735064607611,31735064607611,83812,2,students_documents_export/images/31735064607611_002.jpg,1977,2500,Seller: 張銓銓 [ZHANG Quanquan] -- Buyer: 鄒道明 [ZOU Daoming] -- Place: 福建省閩侯縣 [Fujian Sheng Minhou Xian] -- Government,1925,福建省閩侯縣,Government,"Box 3, Folder 123",https://digital.library.pitt.edu/islandora/object/pitt:31735064607611
pitt:31735064607660,31735064607660,83818,1,students_documents_export/images/31735064607660_001.jpg,1725,2500,Owner: 劉咸安 [LIU Xian'an] -- Place: 福建省建陽縣 [Fujian Sheng Jianyang Xian] -- Government,1805,福建省建陽縣,Government,"Box 1, Folder 13",https://digital.library.pitt.edu/islandora/object/pitt:31735064607660
pitt:31735064607702,31735064607702,83822,1,students_documents_export/images/31735064607702_001.jpg,2500,1231,Seller: 林為良 [LIN Weiliang] -- Buyer: 林可瓊 [LIN Keqiong] -- Place: 福建省閩侯縣 [Fujian Sheng Minhou Xian] -- Government,1906,福建省閩侯縣,Government,"Box 2, Folder 87",https://digital.library.pitt.edu/islandora/object/pitt:31735064607702
pitt:31735064607736,31735064607736,83825,1,students_documents_export/images/31735064607736_001.jpg,2170,2500,Seller: 林可瓊 [LIN Keqiong] -- Buyer: 劉興國 [LIU Xingguo] -- Place: 福建省閩侯縣 [Fujian Sheng Minhou Xian] -- Government,1913,福建省閩侯縣,Government,"Box 2, Folder 94",https://digital.library.pitt.edu/islandora/object/pitt:31735064607736
pitt:31735064607769,31735064607769,83828,1,students_documents_export/images/31735064607769_001.jpg,2500,1093,Seller: 林萬利 [LIN Wanli] -- Buyer: 官方政府 [Government] -- Place: 福建省侯官縣 [Fujian Sheng Houguan Xian] -- Government,1884,福建省侯官縣,Government,"Box 2, Folder 59",https://digital.library.pitt.edu/islandora/object/pitt:31735064607769
pitt:31735064607793,31735064607793,83832,1,students_documents_export/images/31735064607793_001.jpg,2500,1227,Seller: 王兆熙（出租） [WANG Zhaoxi] -- Buyer: 林 [LIN] -- Place: 福建省閩侯縣 [Fujian Sheng Minhou Xian] -- Government,1893,福建省閩侯縣,Government,"Box 2, Folder 76",https://digital.library.pitt.edu/islandora/object/pitt:31735064607793
pitt:31735064607827,31735064607827,83835,1,students_documents_export/images/31735064607827_001.jpg,2500,1301,Seller: 王兆熙 [WANG Zhaoxi] -- Buyer: 林 [LIN] -- Place: 福建省閩侯縣 [Fujian Sheng Minhou Xian] -- Government,1894,福建省閩侯縣,Government,"Box 2, Folder 77",https://digital.library.pitt.edu/islandora/object/pitt:31735064607827
pitt:31735064607850,31735064607850,83838,1,students_documents_export/images/31735064607850_001.jpg,1584,2500,Seller: 趙守藻 [ZHAO Shouzao] -- Buyer: 林有柱 [LIN Youzhu] -- Place: 福建省侯官縣 [Fujian Sheng Houguan Xian] -- Government,1817,福建省侯官縣,Government,"Box 1, Folder 19",https://digital.library.pitt.edu/islandora/object/pitt:31735064607850
pitt:31735066237334,31735066237334,83842,1,students_documents_export/images/31735066237334_001.jpg,2500,1195,Owner: 黃鴻吉 [HUANG Hongji] --Seller: 熊長生 [XIONG Changsheng] -- Buyer: 熊亨讀 [XIONG Hengdu] -- Place: 福建省古田縣 [Fujian Sheng Gutian Xian] -- Government,1784/1830,福建省古田縣,Government,"Box 1, Folder 8",https://digital.library.pitt.edu/islandora/object/pitt:31735066237334
pitt:31735066237334,31735066237334,83842,2,students_documents_export/images/31735066237334_002.jpg,1600,2500,Owner: 黃鴻吉 [HUANG Hongji] --Seller: 熊長生 [XIONG Changsheng] -- Buyer: 熊亨讀 [XIONG Hengdu] -- Place: 福建省古田縣 [Fujian Sheng Gutian Xian] -- Government,1784/1830,福建省古田縣,Government,"Box 1, Folder 8",https://digital.library.pitt.edu/islandora/object/pitt:31735066237334
pitt:31735066237367,31735066237367,83845,1,students_documents_export/images/31735066237367_001.jpg,2500,1316,Seller: 徐幹通 [XU Gantong] -- Buyer: 熊孫? [XIONG Sun?] -- Place: 福建省南平縣 [Fujian Sheng Nanping Xian] -- Government,1767,福建省南平縣,Government,"Box 1, Folder 6",https://digital.library.pitt.edu/islandora/object/pitt:31735066237367
pitt:31735066237383,31735066237383,83848,1,students_documents_export/images/31735066237383_001.jpg,2500,1483,Seller: 陳裔煌 [CHEN Yihuang] -- Buyer: 鄭璟 [ZHENG Jing] -- Place: 福建省古田縣 [Fujian Sheng Gutian Xian] -- Government,1872,福建省古田縣,Government,"Box 2, Folder 52",https://digital.library.pitt.edu/islandora/object/pitt:31735066237383
pitt:31735066237425,31735066237425,83852,1,students_documents_export/images/31735066237425_001.jpg,2500,1205,Seller: 張氏 [ZHANG] -- Buyer: 林欽祥 [LIN Qinxiang] -- Place: 福建省閩侯縣 [Fujian Sheng Minhou Xian] -- Government,1920,福建省閩侯縣,Government,"Box 2, Folder 109",https://digital.library.pitt.edu/islandora/object/pitt:31735066237425
pitt:31735066237458,31735066237458,83855,1,students_documents_export/images/31735066237458_001.jpg,2500,2164,Owner: 洪國慶 [HONG Guoqing] -- Place: 福建省古田縣 [Fujian Sheng Gutian Xian] -- Government,1930,福建省古田縣,Government,"Box 3, Folder 141",https://digital.library.pitt.edu/islandora/object/pitt:31735066237458
pitt:31735066237458,31735066237458,83855,2,students_documents_export/images/31735066237458_002.jpg,2500,2475,Owner: 洪國慶 [HONG Guoqing] -- Place: 福建省古田縣 [Fujian Sheng Gutian Xian] -- Government,1930,福建省古田縣,Government,"Box 3, Folder 141",https://digital.library.pitt.edu/islandora/object/pitt:31735066237458
pitt:31735066237482,31735066237482,83858,1,students_documents_export/images/31735066237482_001.jpg,2267,2500,Owner: 張傳珍 [ZHANG Chuanzhen] -- Place: 福建省屏南縣 [Fujian Sheng Pingnan Xian] -- Government,1913,福建省屏南縣,Government,"Box 2, Folder 100",https://digital.library.pitt.edu/islandora/object/pitt:31735066237482
pitt:31735066237540,31735066237540,83865,1,students_documents_export/images/31735066237540_001.jpg,2500,1293,Owner: 張道興 [ZHANG Daoxing] -- Seller: 余傳荃 [YU Chuanquan] -- Buyer: 張道興 [ZHANG Daoxing] -- Place: 福建省閩清縣 [Fujian Sheng Minqing Xian] -- Government,1942/1943,福建省閩清縣,Government,"Box 3, Folder 164",https://digital.library.pitt.edu/islandora/object/pitt:31735066237540
pitt:31735066237540,31735066237540,83865,2,students_documents_export/images/31735066237540_002.jpg,1949,2500,Owner: 張道興 [ZHANG Daoxing] -- Seller: 余傳荃 [YU Chuanquan] -- Buyer: 張道興 [ZHANG Daoxing] -- Place: 福建省閩清縣 [Fujian Sheng Minqing Xian] -- Government,1942/1943,福建省閩清縣,Government,"Box 3, Folder 164",https://digital.library.pitt.edu/islandora/object/pitt:31735066237540
pitt:31735066237573,31735066237573,83868,1,students_documents_export/images/31735066237573_001.jpg,2500,1163,Owner: 王元靄 [WANG Yuanai] --Seller: 林春源 [LIN Chunyuan] -- Buyer: 王元靄 [WANG Yuanai] -- Place: 福建省閩侯縣 [Fujian Sheng Minhou Xian] -- Government,1869/1928,福建省閩侯縣,Government,"Box 1, Folder 48",https://digital.library.pitt.edu/islandora/object/pitt:31735066237573
pitt:31735066237573,31735066237573,83868,2,students_documents_export/images/31735066237573_002.jpg,2375,2500,Owner: 王元靄 [WANG Yuanai] --Seller: 林春源 [LIN Chunyuan] -- Buyer: 王元靄 [WANG Yuanai] -- Place: 福建省閩侯縣 [Fujian Sheng Minhou Xian] -- Government,1869/1928,福建省閩侯縣,Government,"Box 1, Folder 48",https://digital.library.pitt.edu/islandora/object/pitt:31735066237573
pitt:31735066237573,31735066237573,83868,3,students_documents_export/images/31735066237573_003.jpg,2347,2500,Owner: 王元靄 [WANG Yuanai] --Seller: 林春源 [LIN Chunyuan] -- Buyer: 王元靄 [WANG Yuanai] -- Place: 福建省閩侯縣 [Fujian Sheng Minhou Xian] -- Government,1869/1928,福建省閩侯縣,Government,"Box 1, Folder 48",https://digital.library.pitt.edu/islandora/object/pitt:31735066237573
pitt:31735066237615,31735066237615,83872,1,students_documents_export/images/31735066237615_001.jpg,1253,2500,Owner: 林仁典等 [LIN Rendian] etc. -- Place: 福建省永泰縣 [Fujian Sheng Yongtai Xian] -- Government,1920/1926,福建省永泰縣,Government,"Box 3, Folder 111",https://digital.library.pitt.edu/islandora/object/pitt:31735066237615
pitt:31735066237615,31735066237615,83872,2,students_documents_export/images/31735066237615_002.jpg,1315,2500,Owner: 林仁典等 [LIN Rendian] etc. -- Place: 福建省永泰縣 [Fujian Sheng Yongtai Xian] -- Government,1920/1926,福建省永泰縣,Government,"Box 3, Folder 111",https://digital.library.pitt.edu/islandora/object/pitt:31735066237615
pitt:31735066237615,31735066237615,83872,3,students_documents_export/images/31735066237615_003.jpg,1211,2500,Owner: 林仁典等 [LIN Rendian] etc. -- Place: 福建省永泰縣 [Fujian Sheng Yongtai Xian] -- Government,1920/1926,福建省永泰縣,Government,"Box 3, Folder 111",https://digital.library.pitt.edu/islandora/object/pitt:31735066237615
pitt:31735066237615,31735066237615,83872,4,students_documents_export/images/31735066237615_004.jpg,1268,2500,Owner: 林仁典等 [LIN Rendian] etc. -- Place: 福建省永泰縣 [Fujian Sheng Yongtai Xian] -- Government,1920/1926,福建省永泰縣,Government,"Box 3, Folder 111",https://digital.library.pitt.edu/islandora/object/pitt:31735066237615
pitt:31735066237649,31735066237649,83875,1,students_documents_export/images/31735066237649_001.jpg,1272,2500,Owner: 陳明 [CHEN Ming] -- Place: 福建省閩縣 [Fujian Sheng Min Xian] -- Government,1920/1932,福建省閩縣,Government,"Box 3, Folder 113",https://digital.library.pitt.edu/islandora/object/pitt:31735066237649
pitt:31735066237649,31735066237649,83875,2,students_documents_export/images/31735066237649_002.jpg,1244,2500,Owner: 陳明 [CHEN Ming] -- Place: 福建省閩縣 [Fujian Sheng Min Xian] -- Government,1920/1932,福建省閩縣,Government,"Box 3, Folder 113",https://digital.library.pitt.edu/islandora/object/pitt:31735066237649
pitt:31735066237649,31735066237649,83875,3,students_documents_export/images/31735066237649_003.jpg,1250,2500,Owner: 陳明 [CHEN Ming] -- Place: 福建省閩縣 [Fujian Sheng Min Xian] -- Government,1920/1932,福建省閩縣,Government,"Box 3, Folder 113",https://digital.library.pitt.edu/islandora/object/pitt:31735066237649
pitt:31735066237649,31735066237649,83875,4,students_documents_export/images/31735066237649_004.jpg,1403,2500,Owner: 陳明 [CHEN Ming] -- Place: 福建省閩縣 [Fujian Sheng Min Xian] -- Government,1920/1932,福建省閩縣,Government,"Box 3, Folder 113",https://digital.library.pitt.edu/islandora/object/pitt:31735066237649
pitt:31735066237714,31735066237714,83883,1,students_documents_export/images/31735066237714_001.jpg,1285,2500,Owner: 黃昌聲 [HUANG Changsheng] -- Buyer: 陳智存 [CHEN Zhicun] -- Place: unknown -- Government,1943,unknown,Government,"Box 3, Folder 165",https://digital.library.pitt.edu/islandora/object/pitt:31735066237714
pitt:31735066237748,31735066237748,83886,1,students_documents_export/images/31735066237748_001.jpg,2500,1165,Seller: 張國光 [ZHANG Guoguang] -- Buyer: 張國寶 [ZHANG Guobao] -- Place: unknown -- Personal,1928,unknown,Personal,"Box 3, Folder 138",https://digital.library.pitt.edu/islandora/object/pitt:31735066237748
pitt:31735066237771,31735066237771,83889,1,students_documents_export/images/31735066237771_001.jpg,2319,2500,Owner: 黃克動 [HUANG Kedong] and 黃生官 [HUANG Shengguan] -- Place: 福建省林森縣 [Fujian Sheng Linsen Xian] -- Government,1947,福建省林森縣,Government,"Box 4, Folder 185",https://digital.library.pitt.edu/islandora/object/pitt:31735066237771
pitt:31735066266143,31735066266143,83890,1,students_documents_export/images/31735066266143_001.jpg,2271,2500,Owner: 王鐘鈞 [WANG Zhongjun] -- Place: 福建省林森縣 [Fujian Sheng Linsen Xian] -- Government,1947,福建省林森縣,Government,"Box 4, Folder 174",https://digital.library.pitt.edu/islandora/object/pitt:31735066266143
pitt:31735066266226,31735066266226,83899,1,students_documents_export/images/31735066266226_001.jpg,2296,2500,Owner: 林修枝 [LIN Xiuzhi] -- Place: 福建省林森縣 [Fujian Sheng Linsen Xian] -- Government,1947,福建省林森縣,Government,"Box 4, Folder 182",https://digital.library.pitt.edu/islandora/object/pitt:31735066266226
pitt:31735066266234,31735066266234,83900,1,students_documents_export/images/31735066266234_001.jpg,2328,2500,Owner: 林修枝 [LIN Xiuzhi] -- Place: 福建省林森縣 [Fujian Sheng Linsen Xian] -- Government,1947,福建省林森縣,Government,"Box 4, Folder 183",https://digital.library.pitt.edu/islandora/object/pitt:31735066266234
pitt:31735066266317,31735066266317,83909,1,students_documents_export/images/31735066266317_001.jpg,2500,1923,Seller: 程姑仔 [CHENG Guzai] -- Buyer: 金寶 [JIN Bao] -- Personal,1870,,Personal,"Box 2, Folder 51",https://digital.library.pitt.edu/islandora/object/pitt:31735066266317
pitt:31735066266325,31735066266325,83910,1,students_documents_export/images/31735066266325_001.jpg,1478,2500,Owner: 賴國才 [LAI Guocai] -- Place: 福建省 [Fujian Sheng] -- Government,1927,福建省,Government,"Box 3, Folder 129",https://digital.library.pitt.edu/islandora/object/pitt:31735066266325
pitt:31735066267927,31735066267927,84012,1,students_documents_export/images/31735066267927_001.jpg,2500,1791,Seller: unknown -- Place: 福建省福州市 [Fujian Sheng Fuzhou Shi] -- Government,1949,福建省福州市,Government,"Box 4, Folder 191",https://digital.library.pitt.edu/islandora/object/pitt:31735066267927
pitt:31735066266473,31735066266473,83926,1,students_documents_export/images/31735066266473_001.jpg,2500,1175,Seller: 林邦端 [LIN Bangduan] -- Buyer: 程利欲 [Cheng Liyu] and 程利霖[Cheng Lilin] -- Place: 福建省閩侯縣 [Fujian Sheng Minhou Xian] -- Government,1868/1916,福建省閩侯縣,Government,"Box 1, Folder 44",https://digital.library.pitt.edu/islandora/object/pitt:31735066266473
pitt:31735066266473,31735066266473,83926,2,students_documents_export/images/31735066266473_002.jpg,2500,1365,Seller: 林邦端 [LIN Bangduan] -- Buyer: 程利欲 [Cheng Liyu] and 程利霖[Cheng Lilin] -- Place: 福建省閩侯縣 [Fujian Sheng Minhou Xian] -- Government,1868/1916,福建省閩侯縣,Government,"Box 1, Folder 44",https://digital.library.pitt.edu/islandora/object/pitt:31735066266473
pitt:31735066266473,31735066266473,83926,3,students_documents_export/images/31735066266473_003.jpg,2227,2500,Seller: 林邦端 [LIN Bangduan] -- Buyer: 程利欲 [Cheng Liyu] and 程利霖[Cheng Lilin] -- Place: 福建省閩侯縣 [Fujian Sheng Minhou Xian] -- Government,1868/1916,福建省閩侯縣,Government,"Box 1, Folder 44",https://digital.library.pitt.edu/islandora/object/pitt:31735066266473
pitt:31735066266507,31735066266507,83929,1,students_documents_export/images/31735066266507_001.jpg,1355,2500,Owner: 黃森官等 [HUANG Senguan etc.] -- Place: 福建省林森縣 [Fujian Sheng Linsen Xian] -- Government,1946,福建省林森縣,Government,"Box 4, Folder 172",https://digital.library.pitt.edu/islandora/object/pitt:31735066266507
pitt:31735066266515,31735066266515,83930,1,students_documents_export/images/31735066266515_001.jpg,2384,2500,Seller: 葉國佑 [YE Guoyou] -- Buyer: 紳 [SHEN] -- Place: 福建省古田縣 [Fujian Sheng Gutian Xian] -- Government,1839,福建省古田縣,Government,"Box 1, Folder 25",https://digital.library.pitt.edu/islandora/object/pitt:31735066266515
pitt:31735066266549,31735066266549,83933,1,students_documents_export/images/31735066266549_001.jpg,1913,2500,Seller: 文鳳 [WEN Feng] -- Place: 福建省閩清縣 [Fujian Sheng Minqing Xian] -- Government,1927/1928,福建省閩清縣,Government,"Box 3, Folder 131",https://digital.library.pitt.edu/islandora/object/pitt:31735066266549
pitt:31735066266549,31735066266549,83933,2,students_documents_export/images/31735066266549_002.jpg,2381,2500,Seller: 文鳳 [WEN Feng] -- Place: 福建省閩清縣 [Fujian Sheng Minqing Xian] -- Government,1927/1928,福建省閩清縣,Government,"Box 3, Folder 131",https://digital.library.pitt.edu/islandora/object/pitt:31735066266549
pitt:31735066266572,31735066266572,83936,1,students_documents_export/images/31735066266572_001.jpg,2500,1277,Seller: 陳國遠（立票人） [CHENG Guoyuan] -- Buyer: 葉宜全（保票人） [YE Yiquan] -- Personal,1829,,Personal,"Box 1, Folder 22",https://digital.library.pitt.edu/islandora/object/pitt:31735066266572
pitt:31735066266606,31735066266606,83940,1,students_documents_export/images/31735066266606_001.jpg,2500,1139,Seller: 道楷 [Daokai] -- Buyer: 咸宜 [Xianyi] -- Place: 福建省(清源縣?) [Fujian Sheng (Qingyuan Xian?)] -- Personal,,福建省(清源縣?),Personal,"Box 3, Folder 135",https://digital.library.pitt.edu/islandora/object/pitt:31735066266606
pitt:31735066266630,31735066266630,83943,1,students_documents_export/images/31735066266630_001.jpg,2500,1225,Seller: 陳老鳳 [CHEN Laofeng] -- Buyer: 陳玉書 [CHEN Yushu] -- Place: 福建省 [Fujian Sheng] -- Personal,1941,福建省,Personal,"Box 3, Folder 163",https://digital.library.pitt.edu/islandora/object/pitt:31735066266630
pitt:31735066266663,31735066266663,83946,1,students_documents_export/images/31735066266663_001.jpg,2500,1189,Seller: 陳欽隆 [CHEN Qinlong] -- Buyer: 陳欽瑞 [CHEN Qinrui] -- Place: 福建省 [Fujian Sheng] -- Personal,1936,福建省,Personal,"Box 3, Folder 158",https://digital.library.pitt.edu/islandora/object/pitt:31735066266663
pitt:31735066266697,31735066266697,83949,1,students_documents_export/images/31735066266697_001.jpg,1060,2500,Seller: 黃丁荃 [HUANG Dingquan] -- Buyer: 黃花?蘭(租客) [HUANG Hua?lan] -- Personal,1927,,Personal,"Box 3, Folder 130",https://digital.library.pitt.edu/islandora/object/pitt:31735066266697
pitt:31735066266705,31735066266705,83950,1,students_documents_export/images/31735066266705_001.jpg,752,2500,Seller: 黃隆貫 [HUANG Longguan] -- Buyer: 陳國遠代陳國龍 [CHEN Huoyuan represents CHEN Guolong] -- Personal,1805/1808,,Personal,"Box 1, Folder 15",https://digital.library.pitt.edu/islandora/object/pitt:31735066266705
pitt:31735066266705,31735066266705,83950,2,students_documents_export/images/31735066266705_002.jpg,1214,2500,Seller: 黃隆貫 [HUANG Longguan] -- Buyer: 陳國遠代陳國龍 [CHEN Huoyuan represents CHEN Guolong] -- Personal,1805/1808,,Personal,"Box 1, Folder 15",https://digital.library.pitt.edu/islandora/object/pitt:31735066266705
pitt:31735066266705,31735066266705,83950,3,students_documents_export/images/31735066266705_003.jpg,1278,2500,Seller: 黃隆貫 [HUANG Longguan] -- Buyer: 陳國遠代陳國龍 [CHEN Huoyuan represents CHEN Guolong] -- Personal,1805/1808,,Personal,"Box 1, Folder 15",https://digital.library.pitt.edu/islandora/object/pitt:31735066266705
pitt:31735066266739,31735066266739,83953,1,students_documents_export/images/31735066266739_001.jpg,1292,2500,Owner: 沈齊 [SHEN Qi] -- Place: 福建省永安縣 [Fujian Sheng Yongan Xian] -- Government,1900,福建省永安縣,Government,"Box 2, Folder 83",https://digital.library.pitt.edu/islandora/object/pitt:31735066266739
pitt:31735066266754,31735066266754,83956,1,students_documents_export/images/31735066266754_001.jpg,1599,2500,Owner: 林宗 [LIN Zong] 吳淑珍 [WU Shuzhen] 林涯 [ LIN Ya] and 林貢 [LIN Gong] -- Place: 福建省晉江縣 [Fujian Sheng Jinjiang Xian] -- Government,1952,福建省晉江縣,Government,"Box 4, Folder 196",https://digital.library.pitt.edu/islandora/object/pitt:31735066266754
pitt:31735066267422,31735066267422,83959,1,students_documents_export/images/31735066267422_001.jpg,1567,2500,Owner: 施性固 [SHI Xinggu] 顏蒜 [YAN Suan] 施能鎖 [SHI Nengsuo] and 施松柏 [SHI Songbai] -- Place: 福建省晉江縣 [Fujian Sheng Jinjiang Xian] -- Government,1952,福建省晉江縣,Government,"Box 4, Folder 197",https://digital.library.pitt.edu/islandora/object/pitt:31735066267422
pitt:31735066267430,31735066267430,83960,1,students_documents_export/images/31735066267430_001.jpg,1446,2500,Seller: 陳佃 [CHEN Dian] -- Buyer: 施至尚 [SHI Zhishang] -- Place: 福建省晉江縣 [Fujian Sheng Jinjiang Xian] -- Government,1953,福建省晉江縣,Government,"Box 4, Folder 203",https://digital.library.pitt.edu/islandora/object/pitt:31735066267430
pitt:31735066267430,31735066267430,83960,2,students_documents_export/images/31735066267430_002.jpg,2273,2500,Seller: 陳佃 [CHEN Dian] -- Buyer: 施至尚 [SHI Zhishang] -- Place: 福建省晉江縣 [Fujian Sheng Jinjiang Xian] -- Government,1953,福建省晉江縣,Government,"Box 4, Folder 203",https://digital.library.pitt.edu/islandora/object/pitt:31735066267430
pitt:31735066267430,31735066267430,83960,3,students_documents_export/images/31735066267430_003.jpg,2500,2206,Seller: 陳佃 [CHEN Dian] -- Buyer: 施至尚 [SHI Zhishang] -- Place: 福建省晉江縣 [Fujian Sheng Jinjiang Xian] -- Government,1953,福建省晉江縣,Government,"Box 4, Folder 203",https://digital.library.pitt.edu/islandora/object/pitt:31735066267430
pitt:31735066267463,31735066267463,83963,1,students_documents_export/images/31735066267463_001.jpg,1601,2500,Owner: 黃滑 [HUANG Hua] 黃嚕 [ HUANG Lu] 黃世 [HUANG Shi] and 連芳 [LIAN Fang] -- Place: 福建省南安縣 [Fujian Sheng Nan'an Xian] -- Government,1952,福建省南安縣,Government,"Box 4, Folder 200",https://digital.library.pitt.edu/islandora/object/pitt:31735066267463
pitt:31735066267497,31735066267497,83966,1,students_documents_export/images/31735066267497_001.jpg,1815,2500,Seller: 方圍九 [FANG Weijiu] -- Buyer: 林武 [LIN Wu] -- Place: 福建省東山縣 [Fujian Sheng Dongshan Xian] -- Government,1953,福建省東山縣,Government,"Box 4, Folder 204",https://digital.library.pitt.edu/islandora/object/pitt:31735066267497
pitt:31735066267497,31735066267497,83966,2,students_documents_export/images/31735066267497_002.jpg,1748,2500,Seller: 方圍九 [FANG Weijiu] -- Buyer: 林武 [LIN Wu] -- Place: 福建省東山縣 [Fujian Sheng Dongshan Xian] -- Government,1953,福建省東山縣,Government,"Box 4, Folder 204",https://digital.library.pitt.edu/islandora/object/pitt:31735066267497
pitt:31735066267497,31735066267497,83966,3,students_documents_export/images/31735066267497_003.jpg,2500,1528,Seller: 方圍九 [FANG Weijiu] -- Buyer: 林武 [LIN Wu] -- Place: 福建省東山縣 [Fujian Sheng Dongshan Xian] -- Government,1953,福建省東山縣,Government,"Box 4, Folder 204",https://digital.library.pitt.edu/islandora/object/pitt:31735066267497
pitt:31735066267521,31735066267521,83969,1,students_documents_export/images/31735066267521_001.jpg,2500,1266,Seller: 林述璋 [LIN Shuzhang] -- Buyer: 林學通 [LIN Xuetong] -- Place: 福建省閩侯縣 [Fujian Sheng Minhou Xian] -- Government,1934,福建省閩侯縣,Government,"Box 3, Folder 150",https://digital.library.pitt.edu/islandora/object/pitt:31735066267521
pitt:31735066267521,31735066267521,83969,2,students_documents_export/images/31735066267521_002.jpg,1602,2500,Seller: 林述璋 [LIN Shuzhang] -- Buyer: 林學通 [LIN Xuetong] -- Place: 福建省閩侯縣 [Fujian Sheng Minhou Xian] -- Government,1934,福建省閩侯縣,Government,"Box 3, Folder 150",https://digital.library.pitt.edu/islandora/object/pitt:31735066267521
pitt:31735066267554,31735066267554,83973,1,students_documents_export/images/31735066267554_001.jpg,2441,2500,Seller: 黃炮 [HUANG Pao] -- Buyer: 沈秀清 [SHEN Xiuqing] -- Place: 福建省東山縣 [Fujian Sheng Dongshan Xian] -- Government,1943/1952,福建省東山縣,Government,"Box 3, Folder 166",https://digital.library.pitt.edu/islandora/object/pitt:31735066267554
pitt:31735066267554,31735066267554,83973,2,students_documents_export/images/31735066267554_002.jpg,2006,2500,Seller: 黃炮 [HUANG Pao] -- Buyer: 沈秀清 [SHEN Xiuqing] -- Place: 福建省東山縣 [Fujian Sheng Dongshan Xian] -- Government,1943/1952,福建省東山縣,Government,"Box 3, Folder 166",https://digital.library.pitt.edu/islandora/object/pitt:31735066267554
pitt:31735066267554,31735066267554,83973,3,students_documents_export/images/31735066267554_003.jpg,2500,1536,Seller: 黃炮 [HUANG Pao] -- Buyer: 沈秀清 [SHEN Xiuqing] -- Place: 福建省東山縣 [Fujian Sheng Dongshan Xian] -- Government,1943/1952,福建省東山縣,Government,"Box 3, Folder 166",https://digital.library.pitt.edu/islandora/object/pitt:31735066267554
pitt:31735066267588,31735066267588,83976,1,students_documents_export/images/31735066267588_001.jpg,2500,1291,Seller: 王昌年 [WANG Changnian] -- Buyer: 李學堃 [LI Xuekun] -- Place: 福建省閩侯縣 [Fujian Sheng Minhou Xian] -- Government,1910/1915,福建省閩侯縣,Government,"Box 2, Folder 93",https://digital.library.pitt.edu/islandora/object/pitt:31735066267588
pitt:31735066267588,31735066267588,83976,2,students_documents_export/images/31735066267588_002.jpg,2287,2500,Seller: 王昌年 [WANG Changnian] -- Buyer: 李學堃 [LI Xuekun] -- Place: 福建省閩侯縣 [Fujian Sheng Minhou Xian] -- Government,1910/1915,福建省閩侯縣,Government,"Box 2, Folder 93",https://digital.library.pitt.edu/islandora/object/pitt:31735066267588
pitt:31735066267612,31735066267612,83979,1,students_documents_export/images/31735066267612_001.jpg,1660,2500,Owner: 李水旺 [LI Shuiwang] 陳連玉 [CHEN Lianyu] 李義妹 [LI Yimei] and 李義草 [LI Yicao] -- Place: 福建邵武縣 [Fujian Sheng Shaowu Xian] -- Government,1952,福建邵武縣,Government,"Box 4, Folder 201",https://digital.library.pitt.edu/islandora/object/pitt:31735066267612
pitt:31735066267620,31735066267620,83980,1,students_documents_export/images/31735066267620_001.jpg,2500,1174,Seller: 黃振發 [HUANG Zhenfa] -- Buyer: 高 [GAO] -- Place: 福建省閩邑 [Fujian Sheng Min Xian] -- Personal,1889,福建省閩邑,Personal,"Box 2, Folder 70",https://digital.library.pitt.edu/islandora/object/pitt:31735066267620
pitt:31735066267653,31735066267653,83983,1,students_documents_export/images/31735066267653_001.jpg,2051,2500,Place: 華東 [Huadong(East China)] -- Government,1949,華東,Government,"Box 4, Folder 190",https://digital.library.pitt.edu/islandora/object/pitt:31735066267653
pitt:31735066267679,31735066267679,83986,1,students_documents_export/images/31735066267679_001.jpg,2286,2500,Seller: 林定宗（林登宗？） [LIN Ding(Deng)zong] -- Buyer: 余溪 [YU Xi] -- Place: 福建省東山縣 [Fujian Sheng Dongshan Xian] -- Government,1949/1952,福建省東山縣,Government,"Box 4, Folder 192",https://digital.library.pitt.edu/islandora/object/pitt:31735066267679
pitt:31735066267679,31735066267679,83986,2,students_documents_export/images/31735066267679_002.jpg,1974,2500,Seller: 林定宗（林登宗？） [LIN Ding(Deng)zong] -- Buyer: 余溪 [YU Xi] -- Place: 福建省東山縣 [Fujian Sheng Dongshan Xian] -- Government,1949/1952,福建省東山縣,Government,"Box 4, Folder 192",https://digital.library.pitt.edu/islandora/object/pitt:31735066267679
pitt:31735066267679,31735066267679,83986,3,students_documents_export/images/31735066267679_003.jpg,2500,1519,Seller: 林定宗（林登宗？） [LIN Ding(Deng)zong] -- Buyer: 余溪 [YU Xi] -- Place: 福建省東山縣 [Fujian Sheng Dongshan Xian] -- Government,1949/1952,福建省東山縣,Government,"Box 4, Folder 192",https://digital.library.pitt.edu/islandora/object/pitt:31735066267679
pitt:31735066267703,31735066267703,83989,1,students_documents_export/images/31735066267703_001.jpg,2500,1387,Seller: 林祥德 [LIN Xiangde] -- Buyer: 張經炎 [ZHANG Jingyan] -- Place: 福建省閩侯縣 [Fujian Sheng Minhou Xian] -- Government,1921,福建省閩侯縣,Government,"Box 3, Folder 114",https://digital.library.pitt.edu/islandora/object/pitt:31735066267703
pitt:31735066267703,31735066267703,83989,2,students_documents_export/images/31735066267703_002.jpg,2034,2500,Seller: 林祥德 [LIN Xiangde] -- Buyer: 張經炎 [ZHANG Jingyan] -- Place: 福建省閩侯縣 [Fujian Sheng Minhou Xian] -- Government,1921,福建省閩侯縣,Government,"Box 3, Folder 114",https://digital.library.pitt.edu/islandora/object/pitt:31735066267703
pitt:31735066267711,31735066267711,83990,1,students_documents_export/images/31735066267711_001.jpg,2500,1728,Seller: 范南山 [FAN Nanshan] -- Personal,1659,,Personal,"Box 1, Folder 2",https://digital.library.pitt.edu/islandora/object/pitt:31735066267711
pitt:31735066267745,31735066267745,83993,1,students_documents_export/images/31735066267745_001.jpg,1593,2500,Seller: 朱發 [ZHU Fa ] -- Place: 福建省東山縣 [Fujian Sheng Dongshan Xian] -- Government,1952,福建省東山縣,Government,"Box 4, Folder 198",https://digital.library.pitt.edu/islandora/object/pitt:31735066267745
pitt:31735066267745,31735066267745,83993,2,students_documents_export/images/31735066267745_002.jpg,2081,2500,Seller: 朱發 [ZHU Fa ] -- Place: 福建省東山縣 [Fujian Sheng Dongshan Xian] -- Government,1952,福建省東山縣,Government,"Box 4, Folder 198",https://digital.library.pitt.edu/islandora/object/pitt:31735066267745
pitt:31735066267745,31735066267745,83993,3,students_documents_export/images/31735066267745_003.jpg,2500,1550,Seller: 朱發 [ZHU Fa ] -- Place: 福建省東山縣 [Fujian Sheng Dongshan Xian] -- Government,1952,福建省東山縣,Government,"Box 4, Folder 198",https://digital.library.pitt.edu/islandora/object/pitt:31735066267745
pitt:31735066267778,31735066267778,83996,1,students_documents_export/images/31735066267778_001.jpg,2500,1764,Owner: 嬌世范 [JIAO Shifan] -- Place: 遼寧省新金縣 [Liaoning Sheng Xinjin Xian] -- Government,1949,遼寧省新金縣,Government,"Box 4, Folder 189",https://digital.library.pitt.edu/islandora/object/pitt:31735066267778
pitt:31735066267802,31735066267802,83999,1,students_documents_export/images/31735066267802_001.jpg,2500,2373,Owner: 葉成 [YE Cheng] --Seller: 林厚成 [LIN Houcheng] -- Buyer: 葉成 [YE Cheng] -- Place: 福建省閩侯縣和侯官縣[Fujian Sheng Minhou Xian and Houguan Xian] -- Government,1854/1913,福建省閩侯縣和侯官縣,Government,"Box 1, Folder 34",https://digital.library.pitt.edu/islandora/object/pitt:31735066267802
pitt:31735066267802,31735066267802,83999,2,students_documents_export/images/31735066267802_002.jpg,2151,2500,Owner: 葉成 [YE Cheng] --Seller: 林厚成 [LIN Houcheng] -- Buyer: 葉成 [YE Cheng] -- Place: 福建省閩侯縣和侯官縣[Fujian Sheng Minhou Xian and Houguan Xian] -- Government,1854/1913,福建省閩侯縣和侯官縣,Government,"Box 1, Folder 34",https://digital.library.pitt.edu/islandora/object/pitt:31735066267802
pitt:31735066267810,31735066267810,84000,1,students_documents_export/images/31735066267810_001.jpg,1102,2500,Owner: 陳亮 [CHEN Liang] and 李清 [LI Qing] -- Place: 福建省 [Fujian Sheng] -- Government,1892/1894,福建省,Government,"Box 2, Folder 75",https://digital.library.pitt.edu/islandora/object/pitt:31735066267810
pitt:31735066267810,31735066267810,84000,2,students_documents_export/images/31735066267810_002.jpg,1133,2500,Owner: 陳亮 [CHEN Liang] and 李清 [LI Qing] -- Place: 福建省 [Fujian Sheng] -- Government,1892/1894,福建省,Government,"Box 2, Folder 75",https://digital.library.pitt.edu/islandora/object/pitt:31735066267810
pitt:31735066267810,31735066267810,84000,3,students_documents_export/images/31735066267810_003.jpg,1136,2500,Owner: 陳亮 [CHEN Liang] and 李清 [LI Qing] -- Place: 福建省 [Fujian Sheng] -- Government,1892/1894,福建省,Government,"Box 2, Folder 75",https://digital.library.pitt.edu/islandora/object/pitt:31735066267810
pitt:31735066267810,31735066267810,84000,4,students_documents_export/images/31735066267810_004.jpg,1149,2500,Owner: 陳亮 [CHEN Liang] and 李清 [LI Qing] -- Place: 福建省 [Fujian Sheng] -- Government,1892/1894,福建省,Government,"Box 2, Folder 75",https://digital.library.pitt.edu/islandora/object/pitt:31735066267810
pitt:31735066267810,31735066267810,84000,5,students_documents_export/images/31735066267810_005.jpg,1135,2500,Owner: 陳亮 [CHEN Liang] and 李清 [LI Qing] -- Place: 福建省 [Fujian Sheng] -- Government,1892/1894,福建省,Government,"Box 2, Folder 75",https://digital.library.pitt.edu/islandora/object/pitt:31735066267810
pitt:31735066267810,31735066267810,84000,6,students_documents_export/images/31735066267810_006.jpg,1120,2500,Owner: 陳亮 [CHEN Liang] and 李清 [LI Qing] -- Place: 福建省 [Fujian Sheng] -- Government,1892/1894,福建省,Government,"Box 2, Folder 75",https://digital.library.pitt.edu/islandora/object/pitt:31735066267810
pitt:31735066267810,31735066267810,84000,7,students_documents_export/images/31735066267810_007.jpg,1201,2500,Owner: 陳亮 [CHEN Liang] and 李清 [LI Qing] -- Place: 福建省 [Fujian Sheng] -- Government,1892/1894,福建省,Government,"Box 2, Folder 75",https://digital.library.pitt.edu/islandora/object/pitt:31735066267810
pitt:31735066267810,31735066267810,84000,8,students_documents_export/images/31735066267810_008.jpg,1111,2500,Owner: 陳亮 [CHEN Liang] and 李清 [LI Qing] -- Place: 福建省 [Fujian Sheng] -- Government,1892/1894,福建省,Government,"Box 2, Folder 75",https://digital.library.pitt.edu/islandora/object/pitt:31735066267810
pitt:31735066267810,31735066267810,84000,9,students_documents_export/images/31735066267810_009.jpg,1114,2500,Owner: 陳亮 [CHEN Liang] and 李清 [LI Qing] -- Place: 福建省 [Fujian Sheng] -- Government,1892/1894,福建省,Government,"Box 2, Folder 75",https://digital.library.pitt.edu/islandora/object/pitt:31735066267810
pitt:31735066267810,31735066267810,84000,10,students_documents_export/images/31735066267810_010.jpg,1100,2500,Owner: 陳亮 [CHEN Liang] and 李清 [LI Qing] -- Place: 福建省 [Fujian Sheng] -- Government,1892/1894,福建省,Government,"Box 2, Folder 75",https://digital.library.pitt.edu/islandora/object/pitt:31735066267810
pitt:31735066267810,31735066267810,84000,11,students_documents_export/images/31735066267810_011.jpg,968,2500,Owner: 陳亮 [CHEN Liang] and 李清 [LI Qing] -- Place: 福建省 [Fujian Sheng] -- Government,1892/1894,福建省,Government,"Box 2, Folder 75",https://digital.library.pitt.edu/islandora/object/pitt:31735066267810
pitt:31735066267810,31735066267810,84000,12,students_documents_export/images/31735066267810_012.jpg,943,2500,Owner: 陳亮 [CHEN Liang] and 李清 [LI Qing] -- Place: 福建省 [Fujian Sheng] -- Government,1892/1894,福建省,Government,"Box 2, Folder 75",https://digital.library.pitt.edu/islandora/object/pitt:31735066267810
pitt:31735066267810,31735066267810,84000,13,students_documents_export/images/31735066267810_013.jpg,965,2500,Owner: 陳亮 [CHEN Liang] and 李清 [LI Qing] -- Place: 福建省 [Fujian Sheng] -- Government,1892/1894,福建省,Government,"Box 2, Folder 75",https://digital.library.pitt.edu/islandora/object/pitt:31735066267810
pitt:31735066267810,31735066267810,84000,14,students_documents_export/images/31735066267810_014.jpg,952,2500,Owner: 陳亮 [CHEN Liang] and 李清 [LI Qing] -- Place: 福建省 [Fujian Sheng] -- Government,1892/1894,福建省,Government,"Box 2, Folder 75",https://digital.library.pitt.edu/islandora/object/pitt:31735066267810
pitt:31735066267810,31735066267810,84000,15,students_documents_export/images/31735066267810_015.jpg,968,2500,Owner: 陳亮 [CHEN Liang] and 李清 [LI Qing] -- Place: 福建省 [Fujian Sheng] -- Government,1892/1894,福建省,Government,"Box 2, Folder 75",https://digital.library.pitt.edu/islandora/object/pitt:31735066267810
pitt:31735066267836,31735066267836,84003,1,students_documents_export/images/31735066267836_001.jpg,2500,1187,Seller: 熾原 [Chiyuan] -- Buyer: 尚堃 [Shangkun] -- Place: unknown -- Government,1909,unknown,Government,"Box 2, Folder 90",https://digital.library.pitt.edu/islandora/object/pitt:31735066267836
pitt:31735066267869,31735066267869,84006,1,students_documents_export/images/31735066267869_001.jpg,1435,2500,Owner: 陳傳京 [CHEN Chuanjing] -- Seller: 陈成餘 [CHEN Chengyu] -- Place: 福建省閩侯縣 [Fujian Sheng Minhou Xian] -- Government,1929,福建省閩侯縣,Government,"Box 3, Folder 140",https://digital.library.pitt.edu/islandora/object/pitt:31735066267869
pitt:31735066267893,31735066267893,84009,1,students_documents_export/images/31735066267893_001.jpg,2500,1119,Seller: 陳必清 [CHEN Biqing] -- Buyer: 陳必泉 [CHEN Biquan] -- Place: 福建省閩縣 [Fujian Sheng Min Xian] -- Government,1887,福建省閩縣,Government,"Box 2, Folder 64",https://digital.library.pitt.edu/islandora/object/pitt:31735066267893
pitt:31735066267901,31735066267901,84010,1,students_documents_export/images/31735066267901_001.jpg,2500,1017,Seller: 陳必清 [CHEN Biqing] -- Buyer: 陳必泉 [CHEN Biquan] -- Place: 福建省閩縣 [Fujian Sheng Min Xian] -- Government,1888,福建省閩縣,Government,"Box 2, Folder 69",https://digital.library.pitt.edu/islandora/object/pitt:31735066267901
pitt:31735066267935,31735066267935,84013,1,students_documents_export/images/31735066267935_001.jpg,1663,2500,Seller: 陳潮寳 [CHEN Chaobao] -- Buyer: 陳敦清 [CHEN Dunqing] -- Place: 福建省林森縣 [Fujian Sheng Linsen Xian] -- Government,1947,福建省林森縣,Government,"Box 4, Folder 187",https://digital.library.pitt.edu/islandora/object/pitt:31735066267935
pitt:31735068223365,31735068223365,84028,1,students_documents_export/images/31735068223365_001.jpg,2500,1470,Owner: 陳琮細 [CHEN Congxi] -- Place: 福建省永泰縣 [Fujian Sheng Yongtai Xian] -- Government,1913/1928,福建省永泰縣,Government,"Box 2, Folder 100A",https://digital.library.pitt.edu/islandora/object/pitt:31735068223365
pitt:31735068223423,31735068223423,84035,1,students_documents_export/images/31735068223423_001.jpg,2500,1338,Seller: 陳太記 [CHEN Taiji] -- Buyer: 陳宿漙 [CHEN Sutuan] -- Place: 福建省閩侯縣 [Fujian Sheng Minhou Xian] -- Personal,1929/1935,福建省閩侯縣,Personal,"Box 3, Folder 140B",https://digital.library.pitt.edu/islandora/object/pitt:31735068223423
pitt:31735068223423,31735068223423,84035,2,students_documents_export/images/31735068223423_002.jpg,2500,1331,Seller: 陳太記 [CHEN Taiji] -- Buyer: 陳宿漙 [CHEN Sutuan] -- Place: 福建省閩侯縣 [Fujian Sheng Minhou Xian] -- Personal,1929/1935,福建省閩侯縣,Personal,"Box 3, Folder 140B",https://digital.library.pitt.edu/islandora/object/pitt:31735068223423
pitt:31735068223324,31735068223324,84025,1,students_documents_export/images/31735068223324_001.jpg,2500,1065,Seller: 郭成亮 [GUO Chengliang] -- Buyer: 王駿發 [WANG Junfa] -- Place: 福建省閩侯縣 [Fujian Sheng Minhou Xian] -- Personal,1906/1955,福建省閩侯縣,Personal,"Box 2, Folder 88A",https://digital.library.pitt.edu/islandora/object/pitt:31735068223324
pitt:31735068223456,31735068223456,84038,1,students_documents_export/images/31735068223456_001.jpg,2439,2500,Seller: 劉人科 [LIU Renke] -- Buyer: 劉子知後裔 [descendants of LIU Zizhi] -- Place: 福建省閩清縣 [Fujian Sheng Minqing Xian] -- Government,1935,福建省閩清縣,Government,"Box 3, Folder 155A",https://digital.library.pitt.edu/islandora/object/pitt:31735068223456
